src_seq,t_ms,dt_ms,ax,ay,az,gx,gy,gz,roll,pitch,yaw,pid_roll,pid_pitch,sv1,sv3
1,10437.000,0.000000,0.062000,0.019000,0.978000,2.800000,-2.590000,-1.400000,2.359000,0.000000,1.776000,4.689000,0.259000,97.000000,90.000000
2,10450.000,526.005005,0.066000,0.020000,0.990000,0.490000,-2.660000,0.070000,2.585000,0.000000,1.762000,5.166000,0.266000,97.000000,90.000000
3,10470.000,20.002001,0.073000,0.007000,1.007000,-2.100000,-3.010000,0.000000,2.331000,0.000000,1.776000,4.684000,0.301000,97.000000,90.000000
4,10490.000,20.007000,0.068000,0.010000,1.013000,0.630000,-2.730000,-0.700000,2.358000,0.000000,1.760000,4.709000,0.273000,97.000000,90.000000
5,10510.000,20.002001,0.066000,0.013000,1.004000,0.420000,-2.520000,0.280000,2.527000,0.000000,1.755000,5.051000,0.252000,97.000000,90.000000
6,10530.000,20.004999,0.066000,0.015000,0.989000,3.500000,-2.450000,17.709999,2.788000,0.000000,2.095000,5.540000,0.245000,97.000000,90.000000
7,10550.000,20.004000,0.066000,0.021000,0.994000,0.490000,-3.010000,0.910000,3.025000,0.000000,2.096000,6.046000,0.301000,96.000000,90.000000
8,10569.000,20.002001,0.064000,0.015000,0.997000,-1.190000,-3.640000,-0.420000,2.805000,0.000000,2.100000,5.623000,0.364000,97.000000,90.000000
9,10589.000,20.016001,0.074000,0.003000,1.000000,1.260000,-3.150000,0.420000,2.621000,0.000000,2.121000,5.230000,0.315000,97.000000,90.000000
10,10609.000,20.004999,0.069000,0.019000,0.994000,2.450000,-3.010000,-0.140000,2.900000,0.000000,2.101000,5.775000,0.301000,97.000000,90.000000
11,10629.000,20.009001,0.068000,0.016000,1.000000,0.070000,-1.890000,0.140000,2.734000,0.000000,2.115000,5.467000,0.189000,97.000000,90.000000
12,10649.000,20.013000,0.066000,0.011000,0.977000,-0.630000,-3.220000,-0.280000,2.494000,0.000000,2.124000,4.995000,0.322000,97.000000,90.000000
13,10669.000,20.013000,0.079000,0.010000,0.989000,17.709999,-3.570000,-0.210000,2.804000,0.000000,2.121000,5.431000,0.357000,97.000000,90.000000
14,10688.000,20.007000,0.074000,0.010000,0.996000,2.380000,-1.610000,0.420000,2.621000,0.000000,2.146000,5.219000,0.161000,97.000000,90.000000
15,10708.000,20.006001,0.068000,0.020000,1.004000,1.120000,-3.220000,0.000000,2.775000,0.000000,2.136000,5.539000,0.322000,97.000000,90.000000
16,10728.000,20.004999,0.061000,0.018000,0.999000,1.330000,-2.870000,-0.350000,2.823000,0.000000,2.126000,5.633000,0.287000,97.000000,90.000000
17,10748.000,20.011999,0.063000,0.010000,0.998000,3.080000,-2.660000,-0.350000,2.704000,0.000000,2.131000,5.376000,0.266000,97.000000,90.000000
18,10768.000,20.009001,0.066000,0.021000,1.004000,1.820000,-2.590000,0.770000,2.938000,0.000000,2.132000,5.859000,0.259000,97.000000,90.000000
19,10788.000,20.000999,0.071000,0.025000,1.009000,-1.050000,-2.030000,-0.350000,3.092000,0.000000,2.112000,6.194000,0.203000,96.000000,90.000000
20,10807.000,20.011999,0.071000,0.016000,1.000000,-0.420000,-2.170000,17.780001,2.830000,0.000000,2.484000,5.663000,0.217000,97.000000,90.000000
21,10827.000,20.007999,0.067000,0.012000,1.004000,0.140000,-2.730000,-17.639999,2.686000,0.000000,2.141000,5.371000,0.273000,97.000000,90.000000
22,10847.000,20.016001,0.063000,0.007000,0.990000,1.960000,-2.870000,-0.560000,2.533000,0.000000,2.142000,5.047000,0.287000,97.000000,90.000000
23,10867.000,20.007000,0.062000,0.018000,1.001000,2.030000,-2.800000,-0.070000,2.715000,0.000000,2.131000,5.410000,0.280000,97.000000,90.000000
24,10887.000,20.004000,0.066000,0.010000,1.005000,-0.630000,-2.240000,0.560000,2.475000,0.000000,2.156000,4.957000,0.224000,97.000000,90.000000
25,10907.000,20.004999,0.075000,0.009000,1.000000,-1.050000,-3.150000,-0.420000,2.372000,0.000000,2.153000,4.755000,0.315000,97.000000,90.000000
26,10927.000,20.003000,0.075000,0.005000,0.998000,-2.310000,-2.730000,0.210000,2.134000,0.000000,2.171000,4.291000,0.273000,97.000000,90.000000
27,10946.000,20.011999,0.063000,0.008000,0.995000,0.980000,-2.870000,-1.120000,2.193000,0.000000,2.145000,4.377000,0.287000,97.000000,90.000000
28,10966.000,20.013000,0.061000,0.031000,1.016000,0.420000,-2.450000,17.709999,2.383000,0.000000,2.485000,4.762000,0.245000,97.000000,90.000000
29,10986.000,20.000999,0.065000,-0.004000,0.999000,1.050000,-3.010000,0.000000,2.188000,0.000000,2.500000,4.365000,0.301000,97.000000,90.000000
30,11006.000,20.042000,0.074000,0.012000,0.994000,0.070000,-2.870000,-0.140000,2.368000,0.000000,2.484000,4.734000,0.287000,97.000000,90.000000
31,11026.000,20.013000,0.067000,0.007000,0.985000,-0.910000,-1.260000,0.560000,2.234000,0.000000,2.503000,4.476000,0.126000,97.000000,90.000000
32,11046.000,20.014999,0.061000,0.017000,1.009000,-4.550000,-2.800000,-0.280000,2.300000,0.000000,2.486000,4.645000,0.280000,97.000000,90.000000
33,11065.000,20.014000,0.070000,0.011000,1.019000,-3.780000,-2.660000,0.840000,2.453000,0.000000,2.487000,4.943000,0.266000,97.000000,90.000000
34,11085.000,20.002001,0.057000,-0.005000,0.982000,0.980000,-0.770000,-0.210000,2.289000,0.000000,2.495000,4.567000,0.077000,97.000000,90.000000
35,11105.000,20.002001,0.063000,0.005000,0.992000,0.770000,-3.640000,0.280000,2.172000,0.000000,2.509000,4.336000,0.364000,97.000000,90.000000
36,11125.000,20.014000,0.069000,0.003000,0.991000,-0.630000,-4.270000,-0.560000,1.990000,0.000000,2.508000,3.986000,0.427000,98.000000,90.000000
37,11145.000,20.011999,0.076000,0.015000,1.006000,-3.780000,-3.430000,-0.210000,2.123000,0.000000,2.489000,4.284000,0.343000,97.000000,90.000000
38,11165.000,20.004000,0.069000,0.004000,1.006000,-6.020000,-2.450000,0.140000,1.922000,0.000000,2.497000,3.905000,0.245000,98.000000,90.000000
39,11184.000,20.017000,0.046000,0.005000,0.994000,-5.600000,-0.070000,0.490000,1.838000,0.000000,2.505000,3.732000,0.007000,98.000000,90.000000
40,11204.000,20.014999,0.072000,0.042000,0.990000,-10.360000,-1.960000,1.120000,1.856000,0.000000,2.512000,3.816000,0.196000,98.000000,90.000000
41,11224.000,20.011000,0.070000,-0.035000,0.984000,-7.140000,-3.220000,16.940001,1.462000,0.000000,2.867000,2.996000,0.322000,98.000000,90.000000
42,11244.000,20.002001,0.071000,-0.008000,1.012000,-3.080000,-2.940000,-0.140000,1.207000,0.000000,2.879000,2.446000,0.294000,98.000000,90.000000
43,11264.000,20.006001,0.071000,-0.035000,1.014000,0.420000,-2.870000,0.420000,0.986000,0.000000,2.904000,1.968000,0.287000,99.000000,90.000000
44,11284.000,20.002001,0.064000,0.008000,0.997000,3.150000,-2.450000,0.280000,1.264000,0.000000,2.895000,2.497000,0.245000,98.000000,90.000000
45,11303.000,20.014999,0.070000,0.006000,0.985000,-5.250000,-3.220000,0.350000,1.388000,0.000000,2.886000,2.829000,0.322000,98.000000,90.000000
46,11323.000,20.000999,0.074000,-0.001000,0.998000,-13.440000,-3.570000,1.750000,1.345000,0.000000,2.905000,2.825000,0.357000,98.000000,90.000000
47,11343.000,20.000999,0.074000,-0.034000,1.023000,-6.370000,-3.360000,-2.450000,0.993000,0.000000,2.874000,2.050000,0.336000,98.000000,90.000000
48,11363.000,20.006001,0.089000,-0.038000,1.003000,-10.780000,-3.640000,0.070000,0.578000,0.000000,2.892000,1.264000,0.364000,99.000000,90.000000
49,11383.000,20.017000,0.074000,-0.043000,0.982000,-7.630000,-2.870000,2.310000,0.194000,0.000000,2.957000,0.464000,0.287000,99.000000,90.000000
50,11403.000,20.006001,0.076000,-0.015000,0.989000,-1.820000,-2.660000,-0.140000,0.383000,0.000000,2.938000,0.783000,0.266000,99.000000,90.000000
51,11422.000,20.009001,0.076000,-0.037000,1.008000,-3.570000,-3.080000,-0.630000,0.098000,0.000000,2.944000,0.231000,0.308000,99.000000,90.000000
52,11442.000,20.014999,0.073000,-0.002000,1.019000,-1.470000,-2.870000,-1.050000,0.292000,0.000000,2.907000,0.598000,0.287000,99.000000,90.000000
53,11462.000,20.007000,0.064000,-0.032000,0.995000,-2.940000,-2.520000,0.630000,0.143000,0.000000,2.928000,0.315000,0.252000,99.000000,90.000000
54,11482.000,20.006001,0.055000,-0.013000,0.990000,-4.130000,-1.540000,1.120000,0.194000,0.000000,2.941000,0.429000,0.154000,99.000000,90.000000
55,11502.000,20.017000,0.052000,-0.013000,0.985000,-4.970000,-2.030000,1.190000,0.227000,0.000000,2.956000,0.503000,0.203000,99.000000,90.000000
56,11522.000,20.007999,0.088000,-0.034000,1.017000,-1.890000,-4.480000,-1.400000,0.104000,0.000000,2.937000,0.227000,0.448000,99.000000,90.000000
57,11541.000,20.014000,0.069000,-0.023000,0.970000,-3.850000,-3.780000,-0.280000,0.198000,0.000000,2.921000,0.434000,0.378000,99.000000,90.000000
58,11561.000,20.016001,0.091000,-0.035000,1.032000,-3.150000,-1.890000,1.470000,0.034000,0.000000,2.959000,0.100000,0.189000,99.000000,90.000000
59,11581.000,20.014000,0.036000,-0.027000,1.024000,-5.600000,-2.310000,0.630000,-0.056000,0.000000,2.971000,-0.056000,0.231000,100.000000,90.000000
60,11601.000,20.013000,0.066000,-0.053000,0.981000,-1.540000,-2.100000,-1.120000,-0.300000,0.000000,2.966000,-0.585000,0.210000,100.000000,90.000000
61,11621.000,20.010000,0.068000,-0.047000,0.981000,3.710000,-2.800000,-0.070000,-0.430000,0.000000,2.982000,-0.898000,0.280000,100.000000,90.000000
62,11641.000,20.004999,0.078000,-0.026000,0.990000,2.240000,-3.570000,1.120000,-0.169000,0.000000,2.991000,-0.361000,0.357000,100.000000,90.000000
63,11661.000,20.010000,0.095000,-0.026000,1.023000,-3.430000,-2.940000,0.560000,-0.124000,0.000000,2.995000,-0.213000,0.294000,100.000000,90.000000
64,11680.000,20.002001,0.062000,0.004000,0.929000,-5.600000,-2.660000,1.470000,-0.024000,0.000000,3.009000,0.008000,0.266000,99.000000,90.000000
65,11700.000,20.004999,0.061000,-0.060000,0.956000,1.120000,-2.240000,-2.100000,-0.199000,0.000000,2.985000,-0.410000,0.224000,100.000000,90.000000
66,11720.000,20.007000,0.075000,-0.034000,1.011000,4.410000,-0.350000,-0.560000,-0.056000,0.000000,2.970000,-0.157000,0.035000,100.000000,90.000000
67,11740.000,20.011000,0.081000,-0.048000,1.027000,0.630000,-2.380000,2.310000,-0.274000,0.000000,3.035000,-0.555000,0.238000,100.000000,90.000000
68,11760.000,20.016001,0.053000,-0.040000,1.020000,-2.450000,-4.970000,0.420000,-0.352000,0.000000,3.049000,-0.680000,0.497000,100.000000,90.000000
69,11780.000,20.004999,0.068000,-0.048000,0.991000,-0.980000,-2.520000,-1.960000,-0.568000,0.000000,3.026000,-1.126000,0.252000,100.000000,90.000000
70,11799.000,20.014999,0.076000,-0.035000,0.980000,8.470000,-1.750000,-1.260000,-0.201000,0.000000,2.987000,-0.486000,0.175000,100.000000,90.000000
71,11819.000,20.014000,0.076000,-0.032000,0.984000,7.490000,-1.260000,0.630000,0.174000,0.000000,2.983000,0.272000,0.126000,99.000000,90.000000
72,11839.000,20.011000,0.074000,0.018000,1.018000,-1.330000,-3.010000,3.080000,0.370000,0.000000,3.029000,0.754000,0.301000,99.000000,90.000000
73,11859.000,20.007000,0.059000,-0.077000,1.041000,-13.230000,-3.570000,0.910000,-0.105000,0.000000,3.065000,-0.079000,0.357000,100.000000,90.000000
74,11879.000,20.011000,0.068000,-0.068000,0.990000,0.980000,-2.170000,-3.010000,-0.303000,0.000000,3.024000,-0.616000,0.217000,100.000000,90.000000
75,11899.000,20.013000,0.068000,-0.052000,0.973000,12.530000,-1.960000,-1.750000,-0.258000,0.000000,3.006000,-0.641000,0.196000,100.000000,90.000000
76,11918.000,20.014999,0.066000,0.021000,1.003000,10.920000,-2.310000,2.870000,0.181000,0.000000,3.048000,0.254000,0.231000,99.000000,90.000000
77,11938.000,20.016001,0.072000,-0.026000,1.007000,-9.030000,-3.290000,2.730000,0.096000,0.000000,3.097000,0.282000,0.329000,99.000000,90.000000
78,11958.000,20.011000,0.068000,-0.014000,1.028000,-18.200001,-3.570000,-0.700000,-0.063000,0.000000,3.070000,0.057000,0.357000,99.000000,90.000000
79,11978.000,20.007999,0.065000,-0.098000,0.996000,-9.450000,-2.800000,-0.980000,-0.478000,0.000000,3.069000,-0.861000,0.280000,100.000000,90.000000
80,11998.000,20.017000,0.065000,-0.057000,0.977000,9.940000,-1.890000,0.280000,-0.492000,0.000000,3.092000,-1.084000,0.189000,100.000000,90.000000
81,12018.000,20.009001,0.066000,-0.020000,0.949000,5.320000,-2.170000,1.120000,-0.164000,0.000000,3.100000,-0.381000,0.217000,100.000000,90.000000
82,12038.000,20.009001,0.073000,-0.071000,1.045000,-8.050000,-3.080000,1.400000,-0.555000,0.000000,3.147000,-1.030000,0.308000,100.000000,90.000000
83,12057.000,20.011000,0.073000,-0.024000,1.021000,-13.160000,-2.800000,-4.060000,-0.585000,0.000000,3.051000,-1.038000,0.280000,100.000000,90.000000
84,12077.000,20.013000,0.074000,-0.067000,0.981000,-12.460000,-2.800000,0.420000,-1.064000,0.000000,3.079000,-2.004000,0.280000,101.000000,90.000000
85,12097.000,20.004999,0.075000,-0.044000,0.954000,3.150000,-1.260000,1.890000,-0.817000,0.000000,3.104000,-1.666000,0.126000,100.000000,90.000000
86,12117.000,20.007000,0.070000,-0.039000,1.008000,-4.550000,-3.430000,3.500000,-0.768000,0.000000,3.166000,-1.491000,0.343000,100.000000,90.000000
87,12137.000,20.011999,0.067000,-0.058000,1.038000,-8.470000,-3.220000,-2.380000,-1.093000,0.000000,3.133000,-2.102000,0.322000,101.000000,90.000000
88,12157.000,20.000999,0.078000,-0.046000,1.009000,-19.530001,-3.360000,-0.350000,-1.289000,0.000000,3.115000,-2.383000,0.336000,101.000000,90.000000
89,12176.000,20.003000,0.067000,-0.090000,0.974000,-10.360000,-2.590000,0.560000,-1.721000,0.000000,3.146000,-3.337000,0.259000,101.000000,90.000000
90,12196.000,20.007000,0.067000,-0.044000,0.978000,-3.360000,-2.380000,2.660000,-1.593000,0.000000,3.187000,-3.152000,0.238000,101.000000,90.000000
91,12216.000,20.013000,0.071000,-0.077000,0.995000,-6.510000,-3.290000,0.770000,-1.942000,0.000000,3.223000,-3.820000,0.329000,101.000000,90.000000
92,12236.000,20.011999,0.074000,-0.056000,1.024000,-16.940001,-3.710000,-1.540000,-2.069000,0.000000,3.181000,-3.970000,0.371000,101.000000,90.000000
93,12256.000,20.011999,0.066000,-0.073000,0.910000,-21.629999,-3.710000,0.280000,-2.724000,0.000000,3.208000,-5.232000,0.371000,102.000000,90.000000
94,12276.000,20.000999,0.041000,-0.080000,1.003000,-5.950000,-2.240000,0.980000,-2.847000,0.000000,3.232000,-5.635000,0.224000,102.000000,90.000000
95,12295.000,20.004000,0.058000,-0.086000,0.941000,-3.990000,-3.290000,1.610000,-3.079000,0.000000,3.280000,-6.118000,0.329000,103.000000,90.000000
96,12315.000,20.009001,0.068000,-0.068000,1.007000,-6.090000,-3.010000,0.210000,-2.980000,0.000000,3.273000,-5.899000,0.301000,102.000000,90.000000
97,12335.000,20.017000,0.086000,-0.091000,1.024000,-17.150000,-3.850000,0.420000,-3.411000,0.000000,3.295000,-6.650000,0.385000,103.000000,90.000000
98,12355.000,20.002001,0.080000,-0.122000,0.992000,-11.130000,-2.730000,-0.140000,-3.861000,0.000000,3.315000,-7.610000,0.273000,103.000000,90.000000
99,12375.000,20.007999,0.064000,-0.106000,0.969000,-0.350000,-2.800000,1.330000,-4.014000,0.000000,3.358000,-8.024000,0.280000,104.000000,90.000000
100,12395.000,20.002001,0.059000,-0.080000,0.988000,-1.260000,-3.080000,-0.280000,-3.860000,0.000000,3.346000,-7.707000,0.308000,103.000000,90.000000
101,12414.000,20.004000,0.065000,-0.106000,1.025000,-12.880000,-2.730000,0.700000,-4.207000,0.000000,3.371000,-8.286000,0.273000,104.000000,90.000000
102,12434.000,20.011000,0.076000,-0.145000,0.980000,-7.700000,-3.010000,-1.190000,-4.587000,0.000000,3.370000,-9.096000,0.301000,104.000000,90.000000
103,12454.000,20.004999,0.074000,-0.129000,1.005000,1.400000,-2.940000,0.350000,-4.788000,0.000000,3.400000,-9.590000,0.294000,104.000000,90.000000
104,12474.000,20.011000,0.072000,-0.102000,0.985000,5.950000,-2.240000,-17.920000,-4.416000,0.000000,3.031000,-8.891000,0.224000,104.000000,90.000000
105,12494.000,20.014000,0.067000,-0.066000,0.982000,-2.170000,-3.220000,1.260000,-4.236000,0.000000,3.047000,-8.451000,0.322000,104.000000,90.000000
106,12514.000,20.017000,0.070000,-0.117000,0.979000,-5.530000,-3.150000,0.070000,-4.567000,0.000000,3.071000,-9.079000,0.315000,104.000000,90.000000
107,12534.000,20.010000,0.075000,-0.142000,0.997000,-0.910000,-2.240000,-0.630000,-4.813000,0.000000,3.081000,-9.617000,0.224000,104.000000,90.000000
108,12553.000,20.017000,0.076000,-0.132000,0.989000,10.150000,-2.240000,-0.560000,-4.838000,0.000000,3.092000,-9.777000,0.224000,104.000000,90.000000
109,12573.000,20.011000,0.068000,-0.080000,0.995000,7.980000,-1.680000,-0.210000,-4.457000,0.000000,3.075000,-8.994000,0.168000,104.000000,90.000000
110,12593.000,20.011999,0.061000,-0.089000,1.002000,-0.560000,-3.360000,-0.140000,-4.288000,0.000000,3.066000,-8.571000,0.336000,104.000000,90.000000
111,12613.000,20.009001,0.069000,-0.118000,1.014000,1.680000,-3.290000,-0.630000,-4.435000,0.000000,3.074000,-8.886000,0.329000,104.000000,90.000000
112,12633.000,20.006001,0.066000,-0.139000,0.998000,7.280000,-2.240000,0.210000,-4.509000,0.000000,3.099000,-9.092000,0.224000,104.000000,90.000000
113,12653.000,20.003000,0.079000,-0.100000,0.947000,11.340000,-1.960000,-0.210000,-4.174000,0.000000,3.091000,-8.460000,0.196000,104.000000,90.000000
114,12672.000,20.014000,0.089000,-0.086000,0.974000,5.880000,-2.310000,-0.770000,-3.873000,0.000000,3.065000,-7.806000,0.231000,103.000000,90.000000
115,12692.000,20.007000,0.081000,-0.093000,1.004000,4.900000,-2.450000,-0.560000,-3.549000,0.000000,3.041000,-7.146000,0.245000,103.000000,90.000000
116,12712.000,20.007000,0.031000,-0.101000,1.019000,6.160000,-2.240000,-0.070000,-3.450000,0.000000,3.046000,-6.962000,0.224000,103.000000,90.000000
117,12732.000,20.000999,0.061000,-0.100000,1.007000,11.060000,-2.520000,0.140000,-3.319000,0.000000,3.060000,-6.749000,0.252000,103.000000,90.000000
118,12752.000,20.039000,0.068000,-0.082000,0.993000,5.670000,-1.960000,-0.630000,-3.050000,0.000000,3.040000,-6.156000,0.196000,103.000000,90.000000
119,12772.000,20.003000,0.084000,-0.104000,0.969000,3.010000,-1.610000,0.490000,-3.189000,0.000000,3.067000,-6.408000,0.161000,103.000000,90.000000
120,12792.000,20.003000,0.078000,-0.108000,0.984000,6.230000,-2.450000,-1.050000,-3.290000,0.000000,3.067000,-6.642000,0.245000,103.000000,90.000000
121,12811.000,20.006001,0.085000,-0.091000,0.989000,11.270000,-2.170000,16.730000,-3.166000,0.000000,3.411000,-6.444000,0.217000,103.000000,90.000000
122,12831.000,20.000999,0.071000,-0.039000,1.020000,9.730000,-1.890000,0.000000,-2.749000,0.000000,3.396000,-5.595000,0.189000,102.000000,90.000000
123,12851.000,20.007000,0.060000,-0.053000,1.001000,3.150000,-2.450000,0.000000,-2.507000,0.000000,3.386000,-5.046000,0.245000,102.000000,90.000000
124,12871.000,20.016001,0.064000,-0.077000,0.999000,-0.700000,-2.520000,-0.070000,-2.547000,0.000000,3.390000,-5.088000,0.252000,102.000000,90.000000
125,12891.000,20.006001,0.074000,-0.125000,0.978000,2.100000,-2.520000,-1.470000,-2.733000,0.000000,3.382000,-5.486000,0.252000,102.000000,90.000000
126,12911.000,20.011999,0.081000,-0.096000,0.982000,6.790000,-2.380000,0.140000,-2.819000,0.000000,3.406000,-5.706000,0.238000,102.000000,90.000000
127,12930.000,20.009001,0.076000,-0.077000,1.008000,6.860000,-2.590000,0.840000,-2.497000,0.000000,3.413000,-5.062000,0.259000,102.000000,90.000000
128,12950.000,20.006001,0.065000,-0.038000,1.013000,4.060000,-2.870000,-0.210000,-2.200000,0.000000,3.396000,-4.441000,0.287000,102.000000,90.000000
129,12970.000,20.010000,0.060000,-0.052000,0.988000,-1.680000,-2.660000,-17.639999,-2.041000,0.000000,3.034000,-4.066000,0.266000,102.000000,90.000000
130,12990.000,20.011000,0.070000,-0.082000,0.978000,-2.800000,-2.170000,-0.140000,-2.321000,0.000000,3.051000,-4.613000,0.217000,102.000000,90.000000
131,13010.000,20.020000,0.082000,-0.108000,1.011000,-3.150000,-2.660000,0.280000,-2.611000,0.000000,3.078000,-5.190000,0.266000,102.000000,90.000000
132,13030.000,20.011999,0.073000,-0.111000,1.002000,3.010000,-2.870000,-0.070000,-2.778000,0.000000,3.098000,-5.587000,0.287000,102.000000,90.000000
133,13050.000,20.004999,0.061000,-0.068000,0.994000,4.760000,-2.380000,0.280000,-2.553000,0.000000,3.098000,-5.154000,0.238000,102.000000,90.000000
134,13069.000,20.002001,0.059000,-0.038000,0.982000,2.520000,-2.240000,-0.700000,-2.290000,0.000000,3.072000,-4.606000,0.224000,102.000000,90.000000
135,13089.000,20.007000,0.077000,-0.039000,1.009000,-7.000000,-1.960000,0.700000,-2.203000,0.000000,3.071000,-4.335000,0.196000,102.000000,90.000000
136,13109.000,20.016001,0.081000,-0.112000,1.013000,-8.120000,-3.010000,-0.980000,-2.592000,0.000000,3.073000,-5.103000,0.301000,102.000000,90.000000
137,13129.000,20.016001,0.082000,-0.115000,0.989000,-2.800000,-2.590000,-0.350000,-2.874000,0.000000,3.088000,-5.720000,0.259000,102.000000,90.000000
138,13149.000,20.000999,0.071000,-0.101000,0.985000,4.620000,-2.380000,-0.630000,-3.000000,0.000000,3.096000,-6.047000,0.238000,103.000000,90.000000
139,13169.000,20.007999,0.069000,-0.021000,0.935000,2.590000,-2.660000,1.960000,-2.723000,0.000000,3.122000,-5.473000,0.266000,102.000000,90.000000
140,13189.000,20.004999,0.073000,-0.073000,1.030000,-6.580000,-3.220000,-0.140000,-2.695000,0.000000,3.112000,-5.324000,0.322000,102.000000,90.000000
141,13208.000,20.013000,0.063000,-0.105000,1.122000,-8.820000,-4.550000,-0.350000,-3.004000,0.000000,3.122000,-5.920000,0.455000,102.000000,90.000000
142,13228.000,20.014000,0.090000,-0.115000,0.917000,-5.390000,-2.240000,-0.980000,-3.312000,0.000000,3.122000,-6.571000,0.224000,103.000000,90.000000
143,13248.000,20.002001,0.091000,-0.081000,0.895000,5.740000,2.310000,-0.420000,-3.213000,0.000000,3.110000,-6.483000,-0.231000,103.000000,89.000000
144,13268.000,20.027000,0.076000,-0.078000,0.998000,-4.760000,-2.590000,2.310000,-3.108000,0.000000,3.144000,-6.168000,0.259000,103.000000,90.000000
145,13288.000,20.011999,0.071000,-0.108000,1.112000,-1.680000,-4.480000,-1.190000,-3.270000,0.000000,3.139000,-6.522000,0.448000,103.000000,90.000000
146,13308.000,20.000999,0.086000,-0.103000,1.011000,-4.760000,-5.530000,0.280000,-3.576000,0.000000,3.171000,-7.105000,0.553000,103.000000,90.000000
147,13327.000,20.016001,0.057000,-0.078000,0.876000,6.020000,-1.190000,-0.490000,-3.394000,0.000000,3.159000,-6.847000,0.119000,103.000000,90.000000
148,13347.000,20.007999,0.073000,-0.045000,1.032000,-3.990000,3.920000,1.960000,-3.250000,0.000000,3.173000,-6.460000,-0.392000,103.000000,89.000000
149,13367.000,20.007000,0.092000,-0.134000,1.058000,-10.430000,-3.640000,-0.490000,-3.679000,0.000000,3.187000,-7.255000,0.364000,103.000000,90.000000
150,13387.000,20.003000,0.055000,-0.135000,0.984000,-4.830000,-9.590000,-0.910000,-3.976000,0.000000,3.203000,-7.904000,0.959000,103.000000,90.000000
151,13407.000,20.014000,0.069000,-0.106000,0.949000,10.570000,-3.150000,0.070000,-3.943000,0.000000,3.225000,-7.991000,0.315000,103.000000,90.000000
152,13427.000,20.010000,0.076000,-0.022000,0.999000,8.890000,0.420000,0.490000,-3.537000,0.000000,3.216000,-7.163000,-0.042000,103.000000,89.000000
153,13446.000,20.000999,0.057000,-0.065000,1.063000,-8.260000,-2.100000,0.770000,-3.523000,0.000000,3.221000,-6.964000,0.210000,103.000000,90.000000
154,13466.000,20.007999,0.077000,-0.111000,0.919000,-10.220000,-3.010000,-1.050000,-3.948000,0.000000,3.223000,-7.794000,0.301000,103.000000,90.000000
155,13486.000,20.004000,0.084000,-0.160000,0.956000,-0.070000,-2.590000,0.000000,-4.177000,0.000000,3.247000,-8.353000,0.259000,104.000000,90.000000
156,13506.000,20.007999,0.084000,-0.131000,1.058000,13.020000,-2.170000,-0.350000,-4.144000,0.000000,3.262000,-8.419000,0.217000,104.000000,90.000000
157,13526.000,20.027000,0.062000,-0.038000,1.021000,6.790000,-3.430000,0.980000,-3.792000,0.000000,3.272000,-7.652000,0.343000,103.000000,90.000000
158,13546.000,20.017000,0.055000,-0.040000,0.925000,1.540000,-2.380000,-0.560000,-3.547000,0.000000,3.248000,-7.110000,0.238000,103.000000,90.000000
159,13566.000,20.000999,0.071000,-0.078000,0.995000,-5.600000,-2.660000,-0.630000,-3.459000,0.000000,3.224000,-6.862000,0.266000,103.000000,90.000000
160,13585.000,20.004000,0.085000,-0.155000,1.078000,-2.380000,-3.290000,-1.680000,-3.734000,0.000000,3.215000,-7.443000,0.329000,103.000000,90.000000
161,13605.000,20.009001,0.072000,-0.127000,0.980000,3.780000,-4.060000,0.000000,-3.882000,0.000000,3.241000,-7.803000,0.406000,103.000000,90.000000
162,13625.000,20.017000,0.058000,-0.091000,0.966000,13.440000,-2.590000,0.350000,-3.562000,0.000000,3.249000,-7.258000,0.259000,103.000000,90.000000
163,13645.000,20.014000,0.066000,-0.042000,1.000000,3.920000,-0.840000,0.910000,-3.262000,0.000000,3.252000,-6.564000,0.084000,103.000000,90.000000
164,13665.000,20.017000,0.058000,-0.083000,1.004000,-6.160000,-3.290000,-0.770000,-3.318000,0.000000,3.237000,-6.574000,0.329000,103.000000,90.000000
165,13685.000,20.002001,0.071000,-0.119000,0.986000,-5.110000,-4.760000,-1.400000,-3.646000,0.000000,3.235000,-7.241000,0.476000,103.000000,90.000000
166,13704.000,20.016001,0.084000,-0.148000,1.024000,5.320000,-2.170000,0.000000,-3.767000,0.000000,3.256000,-7.587000,0.217000,103.000000,90.000000
167,13724.000,20.014000,0.076000,-0.077000,0.985000,11.830000,-2.100000,0.140000,-3.302000,0.000000,3.245000,-6.723000,0.210000,103.000000,90.000000
168,13744.000,20.011999,0.062000,-0.053000,0.952000,5.880000,-2.450000,0.840000,-2.973000,0.000000,3.250000,-6.006000,0.245000,103.000000,90.000000
169,13764.000,20.000999,0.056000,-0.046000,0.989000,-3.430000,-2.730000,0.280000,-2.842000,0.000000,3.245000,-5.650000,0.273000,102.000000,90.000000
170,13784.000,20.025000,0.072000,-0.120000,1.075000,-5.460000,-3.010000,-1.260000,-3.168000,0.000000,3.241000,-6.281000,0.301000,103.000000,90.000000
171,13804.000,20.010000,0.078000,-0.110000,0.996000,4.340000,-2.940000,-0.350000,-3.309000,0.000000,3.257000,-6.661000,0.294000,103.000000,90.000000
172,13824.000,20.003000,0.074000,-0.069000,0.945000,8.260000,-1.750000,-0.350000,-2.915000,0.000000,3.235000,-5.912000,0.175000,102.000000,90.000000
173,13843.000,20.007999,0.059000,-0.037000,0.985000,4.410000,0.210000,0.210000,-2.614000,0.000000,3.222000,-5.272000,-0.021000,102.000000,89.000000
174,13863.000,20.014000,0.062000,-0.096000,1.064000,-6.020000,-4.760000,-0.700000,-2.867000,0.000000,3.226000,-5.674000,0.476000,102.000000,90.000000
175,13883.000,20.013000,0.099000,-0.125000,1.016000,-1.960000,-3.640000,-1.890000,-3.105000,0.000000,3.209000,-6.191000,0.364000,103.000000,90.000000
176,13903.000,20.016001,0.084000,-0.099000,0.924000,3.290000,-1.960000,1.050000,-3.238000,0.000000,3.249000,-6.508000,0.196000,103.000000,90.000000
177,13923.000,20.007999,0.093000,-0.060000,0.945000,8.470000,1.680000,0.000000,-2.880000,0.000000,3.231000,-5.844000,-0.168000,102.000000,89.000000
178,13943.000,20.009001,0.077000,-0.069000,1.037000,-3.570000,-3.010000,1.190000,-2.752000,0.000000,3.243000,-5.468000,0.301000,102.000000,90.000000
179,13963.000,20.006001,0.053000,-0.096000,1.054000,-1.610000,-5.950000,-1.330000,-2.862000,0.000000,3.232000,-5.708000,0.595000,102.000000,90.000000
180,13983.000,20.004000,0.081000,-0.075000,0.962000,-0.420000,-3.010000,-0.560000,-2.718000,0.000000,3.213000,-5.433000,0.301000,102.000000,90.000000
181,14002.000,20.010000,0.066000,-0.100000,1.010000,4.270000,-0.770000,0.490000,-2.800000,0.000000,3.238000,-5.643000,0.077000,102.000000,90.000000
182,14022.000,20.017000,0.053000,-0.069000,1.036000,-1.960000,-2.450000,1.050000,-2.749000,0.000000,3.256000,-5.479000,0.245000,102.000000,90.000000
183,14042.000,20.011999,0.074000,-0.119000,0.955000,-5.250000,-3.150000,-0.630000,-3.083000,0.000000,3.266000,-6.113000,0.315000,103.000000,90.000000
184,14062.000,20.000999,0.079000,-0.103000,0.982000,-1.260000,-2.870000,-0.980000,-3.336000,0.000000,3.270000,-6.659000,0.287000,103.000000,90.000000
185,14082.000,20.017000,0.086000,-0.102000,1.008000,4.620000,-2.450000,-0.280000,-3.457000,0.000000,3.286000,-6.960000,0.245000,103.000000,90.000000
186,14102.000,20.007999,0.074000,-0.046000,1.002000,2.800000,-2.800000,0.630000,-3.178000,0.000000,3.285000,-6.384000,0.280000,103.000000,90.000000
187,14121.000,20.007999,0.063000,-0.080000,0.980000,-3.080000,-2.660000,0.070000,-3.183000,0.000000,3.287000,-6.335000,0.266000,103.000000,90.000000
188,14141.000,20.011000,0.071000,-0.091000,0.993000,-3.780000,-2.240000,0.140000,-3.357000,0.000000,3.301000,-6.677000,0.224000,103.000000,90.000000
189,14161.000,20.004000,0.074000,-0.123000,1.011000,-2.730000,-2.870000,0.980000,-3.641000,0.000000,3.343000,-7.254000,0.287000,103.000000,90.000000
190,14181.000,20.004999,0.072000,-0.101000,0.996000,4.620000,-2.310000,-0.700000,-3.716000,0.000000,3.347000,-7.478000,0.231000,103.000000,90.000000
191,14201.000,20.016001,0.067000,-0.055000,0.993000,3.220000,-1.960000,0.560000,-3.429000,0.000000,3.345000,-6.891000,0.196000,103.000000,90.000000
192,14221.000,20.016001,0.064000,-0.049000,0.992000,1.120000,-2.520000,-0.490000,-3.185000,0.000000,3.323000,-6.382000,0.252000,103.000000,90.000000
193,14240.000,20.013000,0.072000,-0.074000,0.994000,-5.880000,-2.730000,1.330000,-3.083000,0.000000,3.337000,-6.107000,0.273000,103.000000,90.000000
194,14260.000,20.000999,0.080000,-0.128000,1.013000,-1.750000,-2.450000,-0.910000,-3.345000,0.000000,3.341000,-6.673000,0.245000,103.000000,90.000000
195,14280.000,20.014000,0.079000,-0.122000,0.999000,0.140000,-2.450000,-17.780001,-3.543000,0.000000,3.008000,-7.088000,0.245000,103.000000,90.000000
196,14300.000,20.010000,0.069000,-0.106000,0.980000,6.790000,-2.310000,-0.910000,-3.606000,0.000000,3.009000,-7.280000,0.231000,103.000000,90.000000
197,14320.000,20.004000,0.068000,-0.059000,0.977000,1.680000,-2.800000,1.050000,-3.352000,0.000000,3.018000,-6.722000,0.280000,103.000000,90.000000
198,14340.000,20.013000,0.078000,-0.083000,0.995000,-0.560000,-2.870000,-0.420000,-3.135000,0.000000,2.997000,-6.264000,0.287000,103.000000,90.000000
199,14359.000,20.009001,0.082000,-0.076000,1.010000,-2.030000,-2.520000,0.420000,-2.953000,0.000000,2.993000,-5.885000,0.252000,102.000000,90.000000
200,14379.000,20.007999,0.074000,-0.112000,1.004000,2.870000,-1.820000,-0.840000,-3.117000,0.000000,2.997000,-6.264000,0.182000,103.000000,90.000000
201,14399.000,20.000999,0.060000,-0.073000,0.997000,2.100000,-2.450000,-0.140000,-2.953000,0.000000,2.988000,-5.927000,0.245000,102.000000,90.000000
202,14419.000,20.014999,0.051000,-0.090000,0.988000,1.260000,-2.590000,-0.700000,-2.994000,0.000000,2.984000,-6.000000,0.259000,103.000000,90.000000
203,14439.000,20.009001,0.068000,-0.079000,1.002000,-0.070000,-2.800000,-17.500000,-2.839000,0.000000,2.629000,-5.677000,0.280000,102.000000,90.000000
204,14459.000,20.014000,0.084000,-0.109000,1.005000,1.470000,-2.310000,0.210000,-3.023000,0.000000,2.653000,-6.061000,0.231000,103.000000,90.000000
205,14479.000,20.011999,0.086000,-0.086000,0.987000,1.960000,-2.940000,0.280000,-3.032000,0.000000,2.667000,-6.083000,0.294000,103.000000,90.000000
206,14498.000,20.003000,0.081000,-0.107000,1.022000,-0.630000,-2.520000,-0.560000,-3.272000,0.000000,2.678000,-6.538000,0.252000,103.000000,90.000000
207,14518.000,20.002001,0.061000,-0.072000,0.991000,2.520000,-2.030000,-0.490000,-3.076000,0.000000,2.661000,-6.178000,0.203000,103.000000,90.000000
208,14538.000,20.002001,0.057000,-0.105000,0.960000,0.420000,-2.800000,0.770000,-3.246000,0.000000,2.694000,-6.496000,0.280000,103.000000,90.000000
209,14558.000,20.004000,0.074000,-0.111000,1.036000,-17.709999,-2.520000,-0.280000,-3.820000,0.000000,2.710000,-7.462000,0.252000,103.000000,90.000000
210,14578.000,20.003000,0.081000,-0.126000,1.019000,-0.700000,-2.520000,0.280000,-4.062000,0.000000,2.738000,-8.117000,0.252000,104.000000,90.000000
211,14598.000,20.000999,0.072000,-0.087000,0.975000,4.200000,-2.590000,-0.630000,-3.762000,0.000000,2.714000,-7.567000,0.259000,103.000000,90.000000
212,14617.000,20.004000,0.076000,-0.061000,0.979000,2.940000,-2.310000,-0.140000,-3.475000,0.000000,2.698000,-6.979000,0.231000,103.000000,90.000000
213,14637.000,20.017000,0.077000,-0.039000,0.987000,2.520000,-2.590000,0.210000,-3.196000,0.000000,2.689000,-6.418000,0.259000,103.000000,90.000000
214,14657.000,20.016001,0.075000,-0.082000,1.025000,-4.410000,-3.360000,0.630000,-3.110000,0.000000,2.694000,-6.176000,0.336000,103.000000,90.000000
215,14677.000,20.003000,0.067000,-0.110000,0.990000,-0.630000,-2.380000,-0.840000,-3.334000,0.000000,2.697000,-6.662000,0.238000,103.000000,90.000000
216,14697.000,20.010000,0.064000,-0.108000,1.019000,1.610000,-2.450000,-0.280000,-3.476000,0.000000,2.709000,-6.968000,0.245000,103.000000,90.000000
217,14717.000,20.014999,0.065000,-0.096000,0.987000,3.290000,-2.310000,-0.630000,-3.512000,0.000000,2.709000,-7.056000,0.231000,103.000000,90.000000
218,14736.000,20.004999,0.076000,-0.072000,0.989000,0.070000,-2.730000,0.910000,-3.288000,0.000000,2.716000,-6.576000,0.273000,103.000000,90.000000
219,14756.000,20.014999,0.078000,-0.096000,0.985000,-0.420000,-2.520000,-1.050000,-3.496000,0.000000,2.714000,-6.989000,0.252000,103.000000,90.000000
220,14776.000,20.010000,0.081000,-0.090000,0.981000,-0.070000,-2.590000,1.190000,-3.475000,0.000000,2.741000,-6.950000,0.259000,103.000000,90.000000
221,14796.000,20.011000,0.077000,-0.099000,1.014000,1.820000,-2.240000,-0.560000,-3.579000,0.000000,2.745000,-7.176000,0.224000,103.000000,90.000000
222,14816.000,20.007000,0.060000,-0.083000,1.018000,0.770000,-2.940000,0.980000,-3.446000,0.000000,2.761000,-6.900000,0.294000,103.000000,90.000000
223,14836.000,20.017000,0.055000,-0.090000,0.984000,0.840000,-2.590000,-0.840000,-3.430000,0.000000,2.749000,-6.868000,0.259000,103.000000,90.000000
224,14856.000,20.010000,0.061000,-0.075000,0.978000,0.350000,-1.750000,-0.140000,-3.244000,0.000000,2.736000,-6.491000,0.175000,103.000000,90.000000
225,14875.000,20.006001,0.088000,-0.093000,1.004000,-0.140000,-2.800000,0.210000,-3.315000,0.000000,2.751000,-6.629000,0.280000,103.000000,90.000000
226,14895.000,20.014000,0.079000,-0.087000,1.019000,0.490000,-3.150000,-0.560000,-3.076000,0.000000,2.727000,-6.156000,0.315000,103.000000,90.000000
227,14915.000,20.011000,0.071000,-0.085000,1.007000,1.680000,-3.220000,-0.280000,-3.018000,0.000000,2.725000,-6.053000,0.322000,103.000000,90.000000
src_seq,t_ms,dt_ms,ax,ay,az,gx,gy,gz,roll,pitch,yaw,pid_roll,pid_pitch,sv1,sv3
228,14935.000,20.000999,0.065000,-0.064000,0.947000,1.890000,-2.240000,0.000000,-2.771000,0.000000,2.714000,-5.560000,0.224000,102.000000,90.000000
229,14955.000,20.011999,0.069000,-0.091000,1.004000,-1.890000,-1.610000,0.000000,-3.007000,0.000000,2.731000,-5.996000,0.161000,102.000000,90.000000
230,14975.000,20.011999,0.076000,-0.116000,1.026000,-2.310000,-2.870000,0.630000,-3.284000,0.000000,2.765000,-6.544000,0.287000,103.000000,90.000000
231,14994.000,20.011000,0.080000,-0.122000,1.007000,2.380000,-3.290000,-0.770000,-3.462000,0.000000,2.772000,-6.948000,0.329000,103.000000,90.000000
232,15014.000,20.003000,0.077000,-0.077000,0.964000,5.530000,-1.960000,-0.420000,-3.131000,0.000000,2.751000,-6.318000,0.196000,103.000000,90.000000
233,15034.000,20.017000,0.070000,-0.056000,0.985000,1.330000,-2.380000,17.430000,-2.909000,0.000000,3.086000,-5.831000,0.238000,102.000000,90.000000
234,15054.000,20.030001,0.076000,-0.076000,1.023000,-6.090000,-2.660000,-0.070000,-2.822000,0.000000,3.073000,-5.583000,0.266000,102.000000,90.000000
235,15074.000,20.010000,0.081000,-0.124000,1.006000,-2.660000,-2.870000,0.280000,-3.104000,0.000000,3.101000,-6.182000,0.287000,103.000000,90.000000
236,15094.000,20.014999,0.068000,-0.107000,0.976000,5.460000,-2.730000,-0.560000,-3.210000,0.000000,3.111000,-6.474000,0.273000,103.000000,90.000000
237,15114.000,20.011000,0.074000,-0.070000,0.996000,5.180000,-1.050000,0.490000,-2.883000,0.000000,3.105000,-5.817000,0.105000,102.000000,90.000000
238,15134.000,20.018999,0.042000,-0.077000,1.040000,-3.150000,-3.780000,0.210000,-2.901000,0.000000,3.112000,-5.770000,0.378000,102.000000,90.000000
239,15153.000,20.003000,0.064000,-0.083000,0.977000,-2.170000,-4.340000,-0.280000,-3.008000,0.000000,3.118000,-5.995000,0.434000,102.000000,90.000000
240,15173.000,20.009001,0.081000,-0.096000,0.974000,3.290000,-2.030000,-0.210000,-3.126000,0.000000,3.131000,-6.285000,0.203000,103.000000,90.000000
241,15193.000,20.004999,0.073000,-0.085000,0.995000,3.990000,-2.380000,17.780001,-2.999000,0.000000,3.485000,-6.037000,0.238000,103.000000,90.000000
242,15213.000,20.011999,0.072000,-0.085000,0.999000,-2.520000,-2.380000,17.850000,-3.255000,0.000000,3.859000,-6.485000,0.238000,103.000000,90.000000
243,15233.000,20.002001,0.069000,-0.109000,1.011000,-2.800000,-2.870000,-0.280000,-3.528000,0.000000,3.874000,-7.029000,0.287000,103.000000,90.000000
244,15253.000,20.007999,0.071000,-0.104000,0.984000,3.990000,-2.240000,0.630000,-3.675000,0.000000,3.908000,-7.390000,0.224000,103.000000,90.000000
245,15273.000,20.000999,0.074000,-0.077000,1.000000,4.620000,-2.310000,-0.140000,-3.354000,0.000000,3.892000,-6.754000,0.231000,103.000000,90.000000
246,15292.000,20.010000,0.081000,-0.073000,0.977000,-1.820000,-3.080000,-0.070000,-3.190000,0.000000,3.881000,-6.362000,0.308000,103.000000,90.000000
247,15312.000,20.003000,0.074000,-0.093000,1.020000,-4.130000,-3.430000,1.050000,-3.406000,0.000000,3.918000,-6.771000,0.343000,103.000000,90.000000
248,15332.000,20.014000,0.059000,-0.104000,0.993000,2.660000,-2.520000,-1.330000,-3.494000,0.000000,3.907000,-7.014000,0.252000,103.000000,90.000000
249,15352.000,20.006001,0.069000,-0.086000,0.968000,4.130000,-2.240000,-0.210000,-3.223000,0.000000,3.893000,-6.488000,0.224000,103.000000,90.000000
250,15372.000,20.011000,0.072000,-0.072000,1.004000,0.630000,-1.960000,-0.070000,-2.982000,0.000000,3.879000,-5.970000,0.196000,102.000000,90.000000
251,15392.000,20.010000,0.081000,-0.093000,1.041000,-3.990000,-3.080000,0.560000,-3.241000,0.000000,3.908000,-6.442000,0.308000,103.000000,90.000000
252,15411.000,20.004999,0.063000,-0.105000,1.008000,2.380000,-3.640000,-0.700000,-3.367000,0.000000,3.914000,-6.757000,0.364000,103.000000,90.000000
253,15431.000,20.014999,0.076000,-0.088000,0.971000,3.920000,-2.170000,-0.280000,-3.322000,0.000000,3.915000,-6.683000,0.217000,103.000000,90.000000
254,15451.000,20.000999,0.075000,-0.066000,0.994000,0.490000,-1.470000,-0.210000,-3.086000,0.000000,3.895000,-6.178000,0.147000,103.000000,90.000000
255,15471.000,20.007999,0.071000,-0.099000,1.023000,-5.530000,-3.290000,0.840000,-3.368000,0.000000,3.931000,-6.681000,0.329000,103.000000,90.000000
256,15491.000,20.000999,0.071000,-0.116000,0.998000,1.890000,-2.800000,-0.630000,-3.551000,0.000000,3.940000,-7.120000,0.280000,103.000000,90.000000
257,15511.000,20.014999,0.070000,-0.091000,0.982000,5.250000,-2.100000,0.070000,-3.434000,0.000000,3.945000,-6.920000,0.210000,103.000000,90.000000
258,15530.000,20.013000,0.067000,-0.070000,0.989000,3.150000,-2.450000,-0.280000,-3.153000,0.000000,3.928000,-6.337000,0.245000,103.000000,90.000000
259,15550.000,20.010000,0.080000,-0.069000,1.014000,-4.480000,-3.080000,0.140000,-3.021000,0.000000,3.919000,-5.996000,0.308000,102.000000,90.000000
260,15570.000,20.007000,0.066000,-0.113000,1.013000,-0.630000,-3.710000,-0.350000,-3.244000,0.000000,3.934000,-6.482000,0.371000,103.000000,90.000000
261,15590.000,20.007999,0.068000,-0.094000,0.981000,6.090000,-2.030000,0.560000,-3.286000,0.000000,3.962000,-6.634000,0.203000,103.000000,90.000000
262,15610.000,20.042999,0.071000,-0.076000,0.940000,1.890000,-1.750000,-0.140000,-3.024000,0.000000,3.945000,-6.067000,0.175000,103.000000,90.000000
263,15630.000,20.003000,0.079000,-0.077000,1.018000,-3.430000,-2.940000,0.210000,-2.869000,0.000000,3.937000,-5.704000,0.294000,102.000000,90.000000
264,15649.000,20.011999,0.071000,-0.094000,0.994000,0.140000,-2.660000,17.850000,-3.100000,0.000000,4.314000,-6.202000,0.266000,103.000000,90.000000
265,15669.000,20.000999,0.071000,-0.075000,0.978000,5.880000,-2.310000,-0.700000,-2.765000,0.000000,4.288000,-5.589000,0.231000,102.000000,90.000000
266,15689.000,20.009001,0.074000,-0.070000,1.001000,2.450000,-2.170000,0.280000,-2.490000,0.000000,4.280000,-5.005000,0.217000,102.000000,90.000000
267,15709.000,20.007999,0.078000,-0.086000,1.009000,-4.690000,-2.660000,0.210000,-2.809000,0.000000,4.305000,-5.571000,0.266000,102.000000,90.000000
268,15729.000,20.004000,0.080000,-0.154000,0.975000,-3.010000,-3.430000,-0.770000,-3.097000,0.000000,4.313000,-6.164000,0.343000,103.000000,90.000000
269,15749.000,20.000999,0.075000,-0.110000,0.981000,5.950000,-2.170000,-0.140000,-3.206000,0.000000,4.332000,-6.472000,0.217000,103.000000,90.000000
270,15769.000,20.006001,0.067000,-0.062000,1.001000,5.040000,-2.030000,-0.910000,-2.898000,0.000000,4.301000,-5.846000,0.203000,102.000000,90.000000
271,15788.000,20.016001,0.072000,-0.061000,1.014000,-2.660000,-2.730000,0.000000,-2.733000,0.000000,4.289000,-5.440000,0.273000,102.000000,90.000000
272,15808.000,20.013000,0.073000,-0.100000,0.992000,-5.110000,-3.570000,0.070000,-3.061000,0.000000,4.313000,-6.071000,0.357000,103.000000,90.000000
273,15828.000,20.004000,0.063000,-0.104000,0.975000,3.010000,-1.820000,-0.140000,-3.197000,0.000000,4.329000,-6.423000,0.182000,103.000000,90.000000
274,15848.000,20.009001,0.063000,-0.078000,1.011000,5.810000,-1.890000,0.000000,-2.950000,0.000000,4.322000,-5.957000,0.189000,102.000000,90.000000
275,15868.000,20.011999,0.076000,-0.069000,1.002000,-1.120000,-2.590000,0.490000,-2.745000,0.000000,4.320000,-5.478000,0.259000,102.000000,90.000000
src_seq,t_ms,dt_ms,ax,ay,az,gx,gy,gz,roll,pitch,yaw,pid_roll,pid_pitch,sv1,sv3
276,15888.000,20.014000,0.076000,-0.099000,1.028000,-4.060000,-3.500000,0.070000,-3.055000,0.000000,4.344000,-6.070000,0.350000,103.000000,90.000000
277,15908.000,20.011000,0.065000,-0.100000,0.985000,3.290000,-2.730000,-0.910000,-3.181000,0.000000,4.345000,-6.394000,0.273000,103.000000,90.000000
278,15927.000,20.003000,0.066000,-0.067000,0.955000,6.580000,-1.960000,-17.920000,-2.807000,0.000000,3.974000,-5.680000,0.196000,102.000000,90.000000
281,15987.000,20.010000,0.074000,-0.143000,0.996000,-1.050000,-3.850000,-1.540000,-3.189000,0.000000,4.004000,-6.368000,0.385000,103.000000,90.000000
282,16007.000,20.010000,0.066000,-0.096000,0.932000,7.560000,-1.680000,-0.210000,-3.243000,0.000000,4.019000,-6.562000,0.168000,103.000000,90.000000
283,16027.000,20.017000,0.033000,-0.052000,0.980000,6.930000,0.350000,-0.070000,-2.960000,0.000000,4.007000,-5.990000,-0.035000,102.000000,89.000000
284,16046.000,20.011000,0.068000,-0.070000,1.068000,-4.690000,-3.500000,0.840000,-2.860000,0.000000,4.015000,-5.674000,0.350000,102.000000,90.000000
285,16066.000,20.009001,0.077000,-0.107000,1.015000,-5.250000,-5.460000,-0.980000,-3.192000,0.000000,4.021000,-6.332000,0.546000,103.000000,90.000000
286,16086.000,20.003000,0.076000,-0.098000,0.971000,3.150000,-1.820000,-0.140000,-3.355000,0.000000,4.039000,-6.741000,0.182000,103.000000,90.000000
287,16106.000,20.014000,0.076000,-0.067000,0.960000,7.700000,0.840000,-0.490000,-2.973000,0.000000,4.010000,-6.023000,-0.084000,103.000000,89.000000
288,16126.000,20.010000,0.063000,-0.072000,1.029000,-2.240000,-2.870000,0.980000,-2.871000,0.000000,4.023000,-5.719000,0.287000,102.000000,90.000000
289,16146.000,20.009001,0.062000,-0.104000,1.008000,-3.710000,-3.990000,-0.490000,-3.136000,0.000000,4.034000,-6.236000,0.399000,103.000000,90.000000
290,16166.000,20.014000,0.081000,-0.103000,0.976000,1.470000,-3.220000,-0.700000,-3.316000,0.000000,4.041000,-6.648000,0.322000,103.000000,90.000000
291,16185.000,20.010000,0.077000,-0.077000,0.987000,6.650000,-2.170000,-0.490000,-2.954000,0.000000,4.018000,-5.975000,0.217000,102.000000,90.000000
292,16205.000,20.003000,0.087000,-0.059000,1.018000,-1.470000,-2.170000,0.350000,-2.764000,0.000000,4.011000,-5.513000,0.217000,102.000000,90.000000
293,16225.000,20.004000,0.075000,-0.104000,1.000000,-2.310000,-3.220000,0.350000,-3.035000,0.000000,4.041000,-6.046000,0.322000,103.000000,90.000000
294,16245.000,20.014000,0.075000,-0.099000,0.940000,2.660000,-4.200000,0.840000,-3.212000,0.000000,4.083000,-6.452000,0.420000,103.000000,90.000000
295,16265.000,20.007999,0.065000,-0.096000,1.002000,7.490000,-1.820000,-0.140000,-3.164000,0.000000,4.092000,-6.403000,0.182000,103.000000,90.000000
296,16285.000,20.014000,0.074000,-0.063000,1.035000,1.050000,-2.590000,-0.630000,-2.921000,0.000000,4.066000,-5.853000,0.259000,102.000000,90.000000
297,16304.000,20.011000,0.077000,-0.072000,0.983000,-6.300000,-2.380000,-2.590000,-2.815000,0.000000,4.001000,-5.566000,0.238000,102.000000,90.000000
298,16324.000,20.000999,0.072000,-0.084000,0.965000,-3.570000,-0.560000,0.070000,-3.063000,0.000000,4.017000,-6.090000,0.056000,103.000000,90.000000
299,16344.000,20.016001,0.072000,-0.107000,0.960000,5.810000,-2.310000,0.910000,-3.177000,0.000000,4.056000,-6.412000,0.231000,103.000000,90.000000
300,16364.000,20.006001,0.067000,-0.090000,1.060000,8.470000,-2.590000,0.280000,-2.981000,0.000000,4.065000,-6.047000,0.259000,103.000000,90.000000
301,16384.000,20.004999,0.082000,-0.062000,0.968000,-1.260000,-2.800000,-0.770000,-2.802000,0.000000,4.039000,-5.592000,0.280000,102.000000,90.000000
302,16404.000,20.004999,0.069000,-0.085000,1.010000,-4.130000,-2.520000,-2.030000,-2.972000,0.000000,4.009000,-5.903000,0.252000,102.000000,90.000000
303,16424.000,20.010000,0.076000,-0.092000,0.962000,-4.130000,-1.820000,0.350000,-3.272000,0.000000,4.035000,-6.503000,0.182000,103.000000,90.000000
304,16443.000,20.004999,0.080000,-0.112000,0.980000,6.300000,-2.730000,-0.280000,-3.371000,0.000000,4.051000,-6.805000,0.273000,103.000000,90.000000
305,16463.000,20.004999,0.078000,-0.072000,1.018000,4.970000,-2.870000,0.840000,-3.045000,0.000000,4.056000,-6.140000,0.287000,103.000000,90.000000
306,16483.000,20.010000,0.074000,-0.088000,1.006000,0.840000,-2.310000,-0.770000,-3.140000,0.000000,4.053000,-6.288000,0.231000,103.000000,90.000000
307,16503.000,20.007999,0.060000,-0.065000,0.986000,-7.910000,-2.730000,0.000000,-3.113000,0.000000,4.044000,-6.148000,0.273000,103.000000,90.000000
308,16523.000,20.007999,0.072000,-0.126000,0.944000,-4.200000,-2.800000,-17.920000,-3.400000,0.000000,3.708000,-6.757000,0.280000,103.000000,90.000000
309,16542.000,20.004999,0.082000,-0.096000,1.011000,7.210000,-2.730000,0.000000,-3.403000,0.000000,3.724000,-6.878000,0.273000,103.000000,90.000000
310,16562.000,20.014000,0.058000,-0.080000,1.059000,4.900000,-4.900000,1.120000,-3.191000,0.000000,3.746000,-6.431000,0.490000,103.000000,90.000000
311,16582.000,20.003000,0.069000,-0.043000,1.012000,1.330000,-3.430000,-0.770000,-2.941000,0.000000,3.719000,-5.895000,0.343000,102.000000,90.000000
312,16602.000,20.013000,0.057000,-0.068000,0.962000,-6.230000,-3.010000,1.680000,-2.948000,0.000000,3.748000,-5.833000,0.301000,102.000000,90.000000
313,16622.000,20.006001,0.064000,-0.088000,0.995000,5.880000,0.980000,-0.280000,-2.918000,0.000000,3.748000,-5.895000,-0.098000,102.000000,89.000000
314,16642.000,20.016001,0.064000,-0.076000,1.022000,-0.420000,-2.450000,0.350000,-2.792000,0.000000,3.749000,-5.580000,0.245000,102.000000,90.000000
315,16662.000,20.000999,0.059000,-0.130000,1.013000,0.630000,-4.900000,-1.540000,-2.999000,0.000000,3.742000,-6.005000,0.490000,103.000000,90.000000
316,16681.000,20.007000,0.108000,-0.092000,0.947000,-1.820000,-2.800000,1.750000,-3.106000,0.000000,3.786000,-6.194000,0.280000,103.000000,90.000000
317,16701.000,20.014000,0.100000,-0.121000,0.980000,4.270000,2.100000,0.840000,-3.210000,0.000000,3.814000,-6.462000,-0.210000,103.000000,89.000000
318,16721.000,20.007000,0.076000,-0.072000,1.013000,4.060000,-0.840000,0.070000,-2.902000,0.000000,3.799000,-5.845000,0.084000,102.000000,90.000000
319,16741.000,20.000999,0.071000,-0.071000,0.990000,0.000000,-2.870000,-0.490000,-2.694000,0.000000,3.778000,-5.387000,0.287000,102.000000,90.000000
320,16761.000,20.017000,0.078000,-0.093000,0.966000,1.330000,-3.710000,0.700000,-2.890000,0.000000,3.815000,-5.793000,0.371000,102.000000,90.000000
321,16781.000,20.002001,0.074000,-0.083000,0.986000,3.010000,-4.200000,-0.490000,-2.947000,0.000000,3.821000,-5.923000,0.420000,102.000000,90.000000
322,16801.000,20.007999,0.032000,-0.097000,1.032000,3.780000,-1.260000,-1.330000,-2.924000,0.000000,3.801000,-5.886000,0.126000,102.000000,90.000000
323,16820.000,20.014999,0.001000,-0.084000,1.012000,0.280000,1.540000,-0.070000,-2.919000,0.000000,3.797000,-5.842000,-0.154000,102.000000,89.000000
324,16840.000,20.014000,-0.009000,-0.049000,0.971000,0.490000,-0.210000,0.350000,-2.823000,0.000000,3.799000,-5.651000,0.021000,102.000000,90.000000
325,16860.000,20.003000,-0.045000,-0.059000,1.003000,3.220000,-1.120000,2.030000,-2.716000,0.000000,3.838000,-5.465000,0.112000,102.000000,90.000000
326,16880.000,20.014999,0.021000,-0.097000,1.053000,3.290000,-6.440000,0.140000,-2.720000,0.000000,3.856000,-5.473000,0.644000,102.000000,90.000000
327,16900.000,20.007000,0.064000,-0.086000,0.975000,0.980000,-5.110000,0.490000,-2.898000,0.000000,3.886000,-5.807000,0.511000,102.000000,90.000000
328,16920.000,20.007999,0.037000,-0.077000,0.969000,1.820000,-0.700000,2.170000,-2.845000,0.000000,3.929000,-5.709000,0.070000,102.000000,90.000000
329,16940.000,20.014000,-0.005000,-0.125000,1.082000,3.710000,-0.140000,-1.610000,-2.876000,0.000000,3.903000,-5.789000,0.014000,102.000000,90.000000
330,16959.000,20.007999,-0.021000,-0.111000,0.965000,1.400000,-2.100000,0.630000,-2.937000,0.000000,3.924000,-5.889000,0.210000,102.000000,90.000000
331,16979.000,20.003000,-0.065000,-0.071000,0.897000,7.000000,-1.400000,-0.070000,-2.791000,0.000000,3.925000,-5.651000,0.140000,102.000000,90.000000
332,16999.000,20.014000,-0.081000,-0.066000,0.950000,8.750000,0.420000,-2.870000,-2.595000,0.000000,3.866000,-5.278000,-0.042000,102.000000,89.000000
333,17019.000,20.007999,0.054000,-0.098000,0.961000,-2.240000,-4.970000,-2.590000,-2.848000,0.000000,3.832000,-5.674000,0.497000,102.000000,90.000000
334,17039.000,20.002001,-0.037000,-0.069000,1.006000,5.180000,0.000000,-3.850000,-2.708000,0.000000,3.754000,-5.469000,0.000000,102.000000,90.000000
335,17059.000,20.003000,0.209000,-0.122000,1.097000,9.030000,-5.810000,1.400000,-2.579000,0.000000,3.793000,-5.249000,0.581000,102.000000,90.000000
336,17078.000,20.011999,0.087000,-0.115000,0.884000,-1.330000,-3.010000,-0.910000,-2.777000,0.000000,3.789000,-5.540000,0.301000,102.000000,90.000000
337,17098.000,20.003000,-0.050000,-0.063000,1.016000,-17.500000,1.400000,1.610000,-3.090000,0.000000,3.816000,-6.005000,-0.140000,103.000000,89.000000
338,17118.000,20.004999,-0.017000,-0.062000,1.036000,2.660000,-1.470000,-16.940001,-2.938000,0.000000,3.476000,-5.902000,0.147000,102.000000,90.000000
339,17138.000,20.009001,0.070000,-0.090000,0.947000,-3.780000,-0.490000,-0.490000,-3.107000,0.000000,3.472000,-6.176000,0.049000,103.000000,90.000000
340,17158.000,20.011999,0.037000,-0.080000,1.118000,4.200000,1.330000,0.000000,-2.881000,0.000000,3.463000,-5.804000,-0.133000,102.000000,89.000000
341,17178.000,20.006001,0.023000,-0.120000,0.974000,-2.940000,2.100000,1.610000,-3.138000,0.000000,3.501000,-6.247000,-0.210000,103.000000,89.000000
342,17197.000,20.011999,0.083000,-0.118000,0.975000,0.420000,2.170000,2.450000,-3.281000,0.000000,3.553000,-6.567000,-0.217000,103.000000,89.000000
343,17217.000,20.007000,0.006000,-0.132000,0.905000,0.280000,2.870000,2.660000,-3.463000,0.000000,3.609000,-6.929000,-0.287000,103.000000,89.000000
344,17237.000,20.002001,-0.114000,-0.086000,0.954000,-17.920000,8.890000,5.180000,-3.823000,0.000000,3.695000,-7.466000,-0.889000,103.000000,89.000000
345,17257.000,20.009001,0.035000,-0.085000,1.077000,6.300000,4.340000,1.750000,-3.474000,0.000000,3.713000,-7.011000,-0.434000,103.000000,89.000000
346,17277.000,20.014000,0.026000,-0.049000,0.912000,-4.620000,4.270000,0.630000,-3.341000,0.000000,3.710000,-6.635000,-0.427000,103.000000,89.000000
347,17297.000,20.004000,0.066000,-0.092000,1.038000,-0.280000,0.280000,3.500000,-3.340000,0.000000,3.779000,-6.677000,-0.028000,103.000000,89.000000
348,17316.000,20.011000,-0.012000,-0.092000,0.924000,-0.700000,3.080000,3.990000,-3.403000,0.000000,3.855000,-6.798000,-0.308000,103.000000,89.000000
349,17336.000,20.014000,0.117000,-0.002000,1.061000,9.800000,0.070000,2.870000,-3.038000,0.000000,3.906000,-6.174000,-0.007000,103.000000,89.000000
350,17356.000,20.011000,0.026000,-0.094000,0.935000,-2.660000,0.000000,8.260000,-3.314000,0.000000,4.078000,-6.601000,0.000000,103.000000,90.000000
351,17376.000,20.007999,0.056000,-0.012000,0.935000,-0.490000,15.120000,3.920000,-3.111000,0.000000,4.123000,-6.216000,-1.512000,103.000000,89.000000
352,17396.000,20.007999,-0.027000,-0.132000,1.023000,-3.220000,1.050000,2.310000,-3.320000,0.000000,4.171000,-6.607000,-0.105000,103.000000,89.000000
353,17416.000,20.007000,-0.010000,-0.100000,0.926000,0.490000,-1.890000,4.200000,-3.419000,0.000000,4.260000,-6.842000,0.189000,103.000000,90.000000
354,17436.000,20.004999,0.061000,-0.064000,0.974000,6.930000,-5.320000,0.840000,-3.159000,0.000000,4.283000,-6.387000,0.532000,103.000000,90.000000
355,17455.000,20.003000,-0.003000,-0.057000,0.906000,6.440000,-1.400000,2.240000,-2.890000,0.000000,4.327000,-5.845000,0.140000,102.000000,90.000000
356,17475.000,20.011999,0.103000,-0.129000,1.196000,-0.560000,-2.170000,-0.070000,-2.990000,0.000000,4.331000,-5.974000,0.217000,102.000000,90.000000
357,17495.000,20.004000,-0.082000,-0.083000,1.144000,-1.120000,-0.490000,-1.050000,-2.986000,0.000000,4.311000,-5.961000,0.049000,102.000000,90.000000
358,17515.000,20.017000,0.058000,-0.097000,0.954000,6.930000,-4.900000,-0.560000,-2.947000,0.000000,4.310000,-5.964000,0.490000,102.000000,90.000000
359,17535.000,20.011999,0.114000,-0.073000,1.023000,11.550000,-2.590000,-2.310000,-2.683000,0.000000,4.267000,-5.482000,0.259000,102.000000,90.000000
360,17555.000,20.004000,0.162000,-0.050000,1.117000,12.810000,-2.590000,-2.100000,-2.359000,0.000000,4.226000,-4.847000,0.259000,102.000000,90.000000
361,17574.000,20.010000,-0.010000,-0.052000,0.958000,7.140000,-2.100000,-2.100000,-2.135000,0.000000,4.184000,-4.341000,0.210000,102.000000,90.000000
362,17594.000,20.003000,-0.060000,-0.050000,0.980000,12.250000,-3.570000,-1.960000,-1.848000,0.000000,4.149000,-3.819000,0.357000,101.000000,90.000000
363,17614.000,20.004000,0.066000,-0.076000,0.965000,0.630000,-2.240000,-1.890000,-1.925000,0.000000,4.117000,-3.857000,0.224000,101.000000,90.000000
364,17634.000,20.011999,0.278000,-0.056000,1.155000,8.540000,-3.920000,-3.640000,-1.733000,0.000000,4.048000,-3.552000,0.392000,101.000000,90.000000
365,17654.000,20.016001,0.021000,-0.119000,0.935000,14.210000,-2.310000,-1.330000,-1.666000,0.000000,4.034000,-3.474000,0.231000,101.000000,90.000000
366,17674.000,20.013000,0.004000,-0.063000,1.078000,10.640000,-1.540000,-2.100000,-1.441000,0.000000,3.994000,-2.989000,0.154000,101.000000,90.000000
367,17693.000,20.011999,0.020000,-0.070000,0.944000,7.350000,-1.120000,-17.290001,-1.437000,0.000000,3.656000,-2.948000,0.112000,101.000000,90.000000
368,17713.000,20.004000,0.095000,-0.009000,0.955000,12.740000,-3.010000,-0.210000,-1.043000,0.000000,3.649000,-2.213000,0.301000,101.000000,90.000000
369,17733.000,20.004999,-0.036000,-0.037000,1.004000,24.500000,0.980000,-0.770000,-0.514000,0.000000,3.632000,-1.274000,-0.098000,100.000000,89.000000
370,17753.000,20.004999,-0.081000,-0.058000,0.982000,21.629999,-0.490000,-2.240000,-0.115000,0.000000,3.590000,-0.446000,0.049000,100.000000,90.000000
371,17773.000,20.032000,0.114000,-0.046000,0.971000,19.040001,-0.840000,0.070000,0.227000,0.000000,3.592000,0.263000,0.084000,99.000000,90.000000
372,17793.000,20.007999,0.080000,-0.088000,0.947000,0.070000,-16.590000,0.140000,0.041000,0.000000,3.612000,0.081000,1.659000,99.000000,90.000000
373,17813.000,20.000999,0.029000,-0.043000,0.994000,25.340000,15.610000,-1.260000,0.411000,0.000000,3.585000,0.569000,-1.561000,99.000000,89.000000
374,17832.000,20.007999,0.000000,-0.099000,0.751000,5.740000,0.490000,2.100000,0.308000,0.000000,3.635000,0.559000,-0.049000,99.000000,89.000000
375,17852.000,20.006001,-0.028000,-0.157000,1.195000,2.940000,-15.610000,3.150000,0.165000,0.000000,3.714000,0.300000,1.561000,99.000000,90.000000
376,17872.000,20.011999,0.291000,-0.219000,0.677000,10.220000,-15.050000,-6.930000,0.236000,0.000000,3.589000,0.371000,1.505000,99.000000,90.000000
377,17892.000,20.028999,-0.124000,-0.148000,1.004000,9.030000,5.040000,6.230000,0.279000,0.000000,3.717000,0.469000,-0.504000,99.000000,89.000000
378,17912.000,20.013000,-0.068000,-0.088000,1.098000,13.230000,1.120000,-9.520000,0.447000,0.000000,3.531000,0.763000,-0.112000,99.000000,89.000000
379,17932.000,20.016001,-0.085000,0.181000,0.693000,24.990000,-13.580000,4.130000,1.143000,0.000000,3.611000,2.037000,1.358000,98.000000,90.000000
380,17951.000,20.017000,0.040000,0.185000,0.923000,11.830000,-16.730000,-14.140000,1.622000,0.000000,3.321000,3.125000,1.673000,98.000000,90.000000
381,17971.000,20.004000,0.264000,-0.187000,1.118000,10.080000,6.160000,-1.260000,1.674000,0.000000,3.302000,3.247000,-0.616000,98.000000,89.000000
382,17991.000,20.004999,-0.087000,0.105000,1.103000,-1.400000,5.040000,-5.390000,1.790000,0.000000,3.188000,3.595000,-0.504000,98.000000,89.000000
383,18011.000,20.007000,-0.075000,0.082000,1.143000,8.610000,-5.180000,0.210000,2.088000,0.000000,3.187000,4.091000,0.518000,97.000000,90.000000
384,18031.000,20.017000,0.255000,0.062000,1.464000,19.110001,-0.420000,2.030000,2.531000,0.000000,3.224000,4.872000,0.042000,97.000000,90.000000
385,18051.000,20.007000,0.142000,-0.009000,1.040000,13.160000,-3.640000,-9.590000,2.751000,0.000000,3.033000,5.371000,0.364000,97.000000,90.000000
386,18071.000,20.004000,0.144000,0.071000,0.626000,13.230000,-17.639999,8.540000,3.116000,0.000000,3.191000,6.099000,1.764000,96.000000,90.000000
387,18090.000,20.004999,0.051000,-0.106000,1.235000,-10.850000,-15.470000,-9.170000,2.685000,0.000000,3.014000,5.478000,1.547000,97.000000,90.000000
388,18110.000,20.003000,0.056000,0.032000,0.808000,20.650000,12.530000,1.750000,3.322000,0.000000,3.040000,6.438000,-1.253000,96.000000,89.000000
389,18130.000,20.013000,0.120000,0.062000,1.159000,18.900000,-10.920000,8.610000,3.814000,0.000000,3.197000,7.439000,1.092000,96.000000,90.000000
390,18150.000,20.007000,-0.034000,-0.156000,0.922000,13.440000,-8.680000,0.070000,3.880000,0.000000,3.206000,7.625000,0.868000,96.000000,90.000000
391,18170.000,20.002001,0.123000,-0.042000,0.866000,1.260000,-14.420000,0.630000,3.730000,0.000000,3.221000,7.447000,1.442000,96.000000,90.000000
392,18190.000,20.011999,0.042000,0.042000,0.914000,4.900000,-2.730000,1.330000,3.906000,0.000000,3.240000,7.763000,0.273000,96.000000,90.000000
393,18209.000,20.004000,0.079000,-0.024000,1.057000,-9.380000,0.840000,-3.010000,3.493000,0.000000,3.197000,7.080000,-0.084000,96.000000,89.000000
394,18229.000,20.004999,0.076000,0.024000,0.927000,-5.670000,-0.840000,-5.040000,3.281000,0.000000,3.104000,6.619000,0.084000,96.000000,90.000000
395,18249.000,20.009001,0.124000,0.094000,1.169000,2.100000,-3.640000,-0.350000,3.530000,0.000000,3.079000,7.039000,0.364000,96.000000,90.000000
396,18269.000,20.004999,-0.051000,-0.034000,1.015000,-8.470000,1.540000,-5.040000,3.269000,0.000000,2.986000,6.622000,-0.154000,96.000000,89.000000
397,18289.000,20.016001,0.012000,0.122000,0.948000,8.470000,-0.770000,3.080000,3.628000,0.000000,3.033000,7.171000,0.077000,96.000000,90.000000
398,18309.000,20.000999,0.028000,0.037000,0.928000,-0.560000,-8.190000,1.330000,3.655000,0.000000,3.051000,7.315000,0.819000,96.000000,90.000000
399,18329.000,20.004999,-0.064000,0.001000,0.829000,-1.260000,-2.870000,-2.730000,3.587000,0.000000,2.998000,7.187000,0.287000,96.000000,90.000000
400,18348.000,20.004999,0.081000,0.041000,1.102000,9.100000,-2.660000,-0.560000,3.992000,0.000000,2.969000,7.893000,0.266000,96.000000,90.000000
401,18368.000,20.010000,0.189000,-0.013000,0.978000,1.750000,-1.890000,3.080000,3.931000,0.000000,3.036000,7.845000,0.189000,96.000000,90.000000
402,18388.000,20.003000,0.052000,0.031000,1.050000,-14.420000,-15.610000,1.190000,3.579000,0.000000,3.053000,7.302000,1.561000,96.000000,90.000000
403,18408.000,20.016001,-0.095000,0.053000,0.937000,1.750000,0.000000,2.450000,3.642000,0.000000,3.100000,7.267000,0.000000,96.000000,90.000000
404,18428.000,20.014999,-0.103000,0.096000,0.930000,-2.800000,2.100000,0.350000,3.668000,0.000000,3.102000,7.364000,-0.210000,96.000000,89.000000
405,18448.000,20.014999,0.095000,0.026000,1.001000,5.110000,0.140000,-2.730000,3.713000,0.000000,3.052000,7.375000,-0.014000,96.000000,89.000000
406,18467.000,20.017000,0.054000,-0.030000,0.954000,0.070000,-3.920000,-0.490000,3.494000,0.000000,3.056000,6.987000,0.392000,96.000000,90.000000
407,18487.000,20.011999,-0.052000,0.056000,1.012000,2.240000,0.840000,1.820000,3.583000,0.000000,3.090000,7.143000,-0.084000,96.000000,89.000000
408,18507.000,20.014999,-0.077000,0.078000,0.993000,14.210000,0.700000,2.310000,3.934000,0.000000,3.132000,7.726000,-0.070000,96.000000,89.000000
409,18527.000,20.004999,-0.067000,0.041000,0.987000,-14.560000,-4.830000,0.840000,3.649000,0.000000,3.145000,7.444000,0.483000,96.000000,90.000000
410,18547.000,20.004999,0.057000,0.026000,1.003000,6.790000,-5.110000,-16.799999,3.669000,0.000000,2.814000,7.270000,0.511000,96.000000,90.000000
411,18567.000,20.000999,0.089000,-0.020000,0.936000,4.060000,-4.760000,2.100000,3.550000,0.000000,2.865000,7.060000,0.476000,96.000000,90.000000
412,18586.000,20.007999,-0.011000,-0.028000,1.061000,-2.660000,-8.330000,0.840000,3.360000,0.000000,2.886000,6.746000,0.833000,96.000000,90.000000
413,18606.000,20.011000,0.069000,0.086000,0.952000,2.380000,-9.100000,3.430000,3.632000,0.000000,2.934000,7.240000,0.910000,96.000000,90.000000
414,18626.000,20.007999,-0.020000,0.054000,1.032000,4.550000,-10.080000,-0.070000,3.773000,0.000000,2.923000,7.501000,1.008000,96.000000,90.000000
415,18646.000,20.007999,0.050000,0.010000,0.880000,15.750000,-2.380000,-0.980000,3.892000,0.000000,2.915000,7.626000,0.238000,96.000000,90.000000
416,18666.000,20.003000,0.052000,0.039000,0.962000,2.660000,-8.470000,0.770000,3.999000,0.000000,2.921000,7.971000,0.847000,96.000000,90.000000
417,18686.000,20.007999,0.038000,0.068000,1.049000,1.400000,-9.590000,0.630000,4.175000,0.000000,2.916000,8.335000,0.959000,95.000000,90.000000
418,18705.000,20.016001,0.005000,0.027000,0.951000,0.840000,-4.340000,1.260000,4.145000,0.000000,2.941000,8.281000,0.434000,95.000000,90.000000
419,18725.000,20.013000,0.055000,0.052000,1.001000,4.900000,-3.990000,-0.350000,4.407000,0.000000,2.920000,8.766000,0.399000,95.000000,90.000000
420,18745.000,20.011000,0.169000,0.056000,0.996000,1.330000,-5.390000,3.500000,4.453000,0.000000,2.983000,8.892000,0.539000,95.000000,90.000000
421,18765.000,20.006001,0.101000,0.016000,0.883000,-0.280000,-1.120000,2.030000,4.320000,0.000000,3.032000,8.644000,0.112000,95.000000,90.000000
422,18785.000,20.010000,-0.018000,0.004000,0.999000,-17.290001,-0.700000,2.940000,3.878000,0.000000,3.096000,7.929000,0.070000,96.000000,90.000000
423,18805.000,20.004000,0.025000,-0.003000,1.033000,3.850000,-0.700000,-17.639999,3.832000,0.000000,2.753000,7.626000,0.070000,96.000000,90.000000
424,18824.000,20.014000,0.103000,0.034000,0.947000,2.030000,-4.270000,-2.100000,3.880000,0.000000,2.707000,7.739000,0.427000,96.000000,90.000000
425,18844.000,20.009001,0.140000,0.021000,0.976000,0.980000,-5.390000,2.030000,3.850000,0.000000,2.747000,7.690000,0.539000,96.000000,90.000000
426,18864.000,20.004000,-0.075000,0.114000,1.090000,3.640000,-4.900000,-2.310000,4.023000,0.000000,2.690000,8.010000,0.490000,95.000000,90.000000
427,18884.000,20.011000,-0.014000,0.088000,1.038000,6.440000,-9.590000,-0.910000,4.259000,0.000000,2.656000,8.453000,0.959000,95.000000,90.000000
428,18904.000,20.007999,0.088000,0.035000,0.923000,1.120000,-4.900000,-1.470000,4.224000,0.000000,2.627000,8.436000,0.490000,95.000000,90.000000
429,18924.000,20.007999,0.167000,0.091000,0.869000,2.450000,-3.780000,2.590000,4.382000,0.000000,2.666000,8.740000,0.378000,95.000000,90.000000
430,18943.000,20.011999,0.030000,0.077000,1.011000,2.170000,-1.190000,2.380000,4.531000,0.000000,2.704000,9.040000,0.119000,95.000000,90.000000
431,18963.000,20.014999,0.029000,0.049000,0.983000,5.460000,-3.220000,1.470000,4.645000,0.000000,2.730000,9.235000,0.322000,95.000000,90.000000
432,18983.000,20.000999,-0.019000,-0.016000,0.979000,-0.420000,-7.490000,-5.180000,4.519000,0.000000,2.629000,9.041000,0.749000,95.000000,90.000000
433,19003.000,20.010000,0.118000,0.106000,0.965000,-2.590000,-7.070000,0.280000,4.657000,0.000000,2.612000,9.340000,0.707000,95.000000,90.000000
434,19023.000,20.000999,0.114000,0.072000,1.024000,5.250000,-4.410000,-1.400000,4.905000,0.000000,2.567000,9.758000,0.441000,95.000000,90.000000
435,19042.000,20.014000,0.031000,0.031000,1.062000,2.310000,-7.140000,-3.990000,4.872000,0.000000,2.487000,9.721000,0.714000,95.000000,90.000000
436,19062.000,20.002001,-0.057000,0.037000,0.991000,6.230000,-6.090000,-6.580000,4.983000,0.000000,2.351000,9.904000,0.609000,95.000000,90.000000
437,19082.000,20.006001,0.134000,0.077000,0.971000,4.620000,-1.330000,-1.540000,5.174000,0.000000,2.310000,10.302000,0.133000,94.000000,90.000000
438,19102.000,20.017000,0.158000,-0.004000,1.048000,1.820000,-1.610000,-0.210000,5.046000,0.000000,2.319000,10.073000,0.161000,94.000000,90.000000
439,19122.000,20.000999,0.048000,0.111000,1.008000,-3.080000,-1.050000,3.290000,5.151000,0.000000,2.368000,10.332000,0.105000,94.000000,90.000000
440,19142.000,20.017000,-0.029000,0.023000,0.950000,14.420000,-2.590000,2.870000,5.373000,0.000000,2.428000,10.601000,0.259000,94.000000,90.000000
441,19162.000,20.011000,0.095000,0.027000,0.981000,12.740000,-5.880000,-0.630000,5.405000,0.000000,2.428000,10.682000,0.588000,94.000000,90.000000
442,19181.000,20.011000,0.135000,0.066000,1.021000,-3.780000,-5.390000,0.000000,5.342000,0.000000,2.420000,10.721000,0.539000,94.000000,90.000000
443,19201.000,20.007000,0.048000,0.032000,0.964000,-5.320000,0.630000,-1.610000,5.119000,0.000000,2.400000,10.292000,-0.063000,94.000000,89.000000
444,19221.000,20.014000,0.079000,0.064000,0.973000,-4.550000,-3.080000,-0.140000,5.148000,0.000000,2.382000,10.341000,0.308000,94.000000,90.000000
445,19241.000,20.013000,-0.039000,0.062000,0.993000,-3.500000,-5.040000,-2.800000,5.090000,0.000000,2.320000,10.214000,0.504000,94.000000,90.000000
446,19261.000,20.004999,0.033000,0.038000,1.067000,-2.940000,-3.710000,-3.290000,4.957000,0.000000,2.256000,9.942000,0.371000,95.000000,90.000000
447,19281.000,20.010000,0.089000,0.091000,0.995000,-5.390000,-1.680000,1.400000,5.076000,0.000000,2.263000,10.205000,0.168000,94.000000,90.000000
448,19300.000,20.014999,0.189000,0.040000,1.034000,-6.510000,-0.630000,-16.730000,4.931000,0.000000,1.931000,9.927000,0.063000,95.000000,90.000000
449,19320.000,20.000999,0.048000,0.042000,1.073000,-6.300000,-0.210000,-1.120000,4.735000,0.000000,1.914000,9.532000,0.021000,95.000000,90.000000
450,19340.000,20.014999,-0.038000,0.031000,0.968000,-2.100000,-3.220000,-0.560000,4.660000,0.000000,1.903000,9.341000,0.322000,95.000000,90.000000
451,19360.000,20.009001,0.035000,0.028000,0.993000,-5.390000,-0.350000,0.700000,4.458000,0.000000,1.924000,8.970000,0.035000,95.000000,90.000000
452,19380.000,20.011999,0.135000,0.028000,0.994000,-9.100000,-1.750000,2.100000,4.198000,0.000000,1.971000,8.487000,0.175000,95.000000,90.000000
453,19399.000,20.010000,0.122000,-0.028000,1.054000,-7.000000,-0.420000,4.270000,3.840000,0.000000,2.075000,7.749000,0.042000,96.000000,90.000000
454,19419.000,20.007999,-0.048000,0.067000,1.054000,-2.170000,-3.220000,2.030000,3.839000,0.000000,2.109000,7.700000,0.322000,96.000000,90.000000
455,19439.000,20.007000,-0.016000,-0.004000,0.912000,-7.000000,-1.750000,0.210000,3.616000,0.000000,2.119000,7.301000,0.175000,96.000000,90.000000
456,19459.000,20.007999,0.142000,-0.015000,1.015000,-1.120000,-2.870000,0.910000,3.448000,0.000000,2.147000,6.907000,0.287000,96.000000,90.000000
457,19479.000,20.000999,0.132000,0.009000,0.945000,-5.320000,-3.220000,-0.560000,3.265000,0.000000,2.141000,6.583000,0.322000,96.000000,90.000000
458,19499.000,20.004000,0.093000,0.034000,0.953000,-4.690000,-2.240000,-1.260000,3.368000,0.000000,2.097000,6.783000,0.224000,96.000000,90.000000
459,19519.000,20.014999,0.006000,-0.025000,1.003000,2.730000,-3.640000,-4.830000,3.313000,0.000000,2.009000,6.599000,0.364000,96.000000,90.000000
460,19538.000,20.011999,-0.014000,0.060000,0.999000,4.480000,-4.130000,-5.040000,3.481000,0.000000,1.900000,6.917000,0.413000,96.000000,90.000000
461,19558.000,20.014999,0.229000,0.093000,1.022000,5.950000,-4.340000,-1.680000,3.698000,0.000000,1.854000,7.336000,0.434000,96.000000,90.000000
462,19578.000,20.011999,0.155000,0.041000,0.934000,0.070000,-2.450000,-3.150000,3.741000,0.000000,1.786000,7.481000,0.245000,96.000000,90.000000
463,19598.000,20.000999,-0.084000,0.107000,1.005000,-0.630000,-5.950000,-3.570000,3.821000,0.000000,1.702000,7.648000,0.595000,96.000000,90.000000
464,19618.000,20.010000,0.009000,0.091000,0.960000,6.440000,-5.040000,-5.460000,4.089000,0.000000,1.577000,8.113000,0.504000,95.000000,90.000000
465,19638.000,20.006001,0.141000,-0.013000,1.005000,8.400000,-4.900000,-2.100000,4.085000,0.000000,1.547000,8.085000,0.490000,95.000000,90.000000
466,19657.000,20.017000,0.124000,0.035000,1.013000,0.770000,-6.230000,-1.050000,4.052000,0.000000,1.526000,8.096000,0.623000,95.000000,90.000000
467,19677.000,20.006001,-0.035000,0.091000,1.027000,3.220000,-6.930000,0.910000,4.192000,0.000000,1.531000,8.352000,0.693000,95.000000,90.000000
468,19697.000,20.017000,0.027000,0.015000,1.074000,6.300000,-6.860000,0.630000,4.242000,0.000000,1.546000,8.420000,0.686000,95.000000,90.000000
469,19717.000,20.010000,0.135000,-0.018000,0.893000,3.710000,-7.070000,0.350000,4.132000,0.000000,1.566000,8.227000,0.707000,95.000000,90.000000
470,19737.000,20.004999,0.073000,0.016000,0.955000,1.260000,-7.630000,1.890000,4.017000,0.000000,1.612000,8.022000,0.763000,95.000000,90.000000
471,19757.000,20.016001,-0.015000,0.000000,1.041000,3.780000,-3.360000,0.210000,4.024000,0.000000,1.621000,8.009000,0.336000,95.000000,90.000000
472,19776.000,20.016001,0.002000,0.020000,0.962000,5.460000,-2.730000,-0.560000,4.095000,0.000000,1.612000,8.136000,0.273000,95.000000,90.000000
473,19796.000,20.007999,0.109000,-0.059000,1.082000,4.620000,-3.990000,-2.380000,3.963000,0.000000,1.585000,7.879000,0.399000,96.000000,90.000000
474,19816.000,20.002001,0.188000,-0.008000,0.942000,6.860000,-6.020000,-1.680000,4.004000,0.000000,1.557000,7.940000,0.602000,96.000000,90.000000
475,19836.000,20.003000,0.119000,0.001000,0.774000,-1.680000,-3.500000,0.490000,3.821000,0.000000,1.580000,7.659000,0.350000,96.000000,90.000000
476,19856.000,20.009001,0.025000,-0.107000,1.054000,22.120001,2.170000,-5.530000,4.083000,0.000000,1.493000,7.944000,-0.217000,96.000000,89.000000
477,19876.000,20.011999,0.007000,0.180000,0.865000,-9.170000,-7.280000,-2.800000,4.103000,0.000000,1.409000,8.298000,0.728000,95.000000,90.000000
478,19895.000,20.004999,0.254000,0.155000,1.018000,2.940000,6.580000,-3.920000,4.315000,0.000000,1.319000,8.600000,-0.658000,95.000000,89.000000
479,19915.000,20.013000,0.090000,0.116000,0.904000,-9.310000,-0.980000,2.100000,4.352000,0.000000,1.335000,8.797000,0.098000,95.000000,90.000000
480,19935.000,20.006001,-0.024000,0.081000,1.262000,3.430000,-2.660000,-2.030000,4.460000,0.000000,1.289000,8.886000,0.266000,95.000000,90.000000
481,19955.000,20.014999,0.061000,0.065000,0.948000,7.280000,-5.880000,-1.680000,4.713000,0.000000,1.238000,9.354000,0.588000,95.000000,90.000000
482,19975.000,20.003000,0.198000,0.026000,1.079000,3.710000,-5.110000,0.280000,4.712000,0.000000,1.247000,9.386000,0.511000,95.000000,90.000000
483,19995.000,20.016001,0.116000,0.086000,0.998000,1.610000,1.610000,-2.100000,4.978000,0.000000,1.181000,9.939000,-0.161000,95.000000,89.000000
484,20014.000,20.011999,0.126000,0.105000,0.946000,-2.310000,-5.250000,2.310000,5.142000,0.000000,1.197000,10.307000,0.525000,94.000000,90.000000
485,20034.000,20.003000,-0.026000,0.051000,1.061000,2.520000,-1.750000,0.770000,5.174000,0.000000,1.212000,10.323000,0.175000,94.000000,90.000000
486,20054.000,20.006001,-0.027000,0.044000,0.979000,-0.140000,1.190000,-1.890000,5.152000,0.000000,1.178000,10.305000,-0.119000,94.000000,89.000000
487,20074.000,20.011999,0.175000,0.015000,1.037000,-0.560000,-2.170000,3.570000,4.998000,0.000000,1.262000,10.001000,0.217000,94.000000,90.000000
488,20094.000,20.010000,0.176000,-0.028000,0.983000,-2.310000,-3.430000,3.010000,4.764000,0.000000,1.339000,9.552000,0.343000,95.000000,90.000000
489,20114.000,20.009001,-0.063000,0.074000,0.998000,-0.140000,-1.890000,1.820000,4.786000,0.000000,1.371000,9.574000,0.189000,95.000000,90.000000
490,20134.000,20.009001,0.009000,-0.031000,1.045000,2.030000,0.910000,-2.520000,4.690000,0.000000,1.337000,9.361000,-0.091000,95.000000,89.000000
491,20153.000,20.007999,0.168000,-0.019000,0.975000,1.540000,-6.160000,-2.730000,4.557000,0.000000,1.294000,9.098000,0.616000,95.000000,90.000000
492,20173.000,20.013000,0.138000,0.058000,0.996000,1.820000,-9.310000,-1.680000,4.680000,0.000000,1.242000,9.341000,0.931000,95.000000,90.000000
493,20193.000,20.013000,0.074000,0.108000,0.970000,-2.030000,-3.920000,-4.270000,4.836000,0.000000,1.130000,9.693000,0.392000,95.000000,90.000000
494,20213.000,20.000999,-0.041000,0.090000,0.970000,-0.210000,-3.290000,-2.660000,4.894000,0.000000,1.066000,9.789000,0.329000,95.000000,90.000000
495,20233.000,20.010000,0.208000,0.043000,0.992000,2.450000,-6.790000,-1.540000,4.921000,0.000000,1.031000,9.817000,0.679000,95.000000,90.000000
496,20253.000,20.009001,0.209000,0.043000,1.047000,-0.420000,-8.960000,-0.910000,4.875000,0.000000,1.008000,9.754000,0.896000,95.000000,90.000000
497,20272.000,20.000999,0.073000,0.110000,0.974000,-4.550000,-1.960000,1.330000,4.949000,0.000000,1.011000,9.944000,0.196000,95.000000,90.000000
498,20292.000,20.004000,-0.028000,0.013000,1.024000,6.160000,0.420000,0.140000,5.012000,0.000000,1.022000,9.962000,-0.042000,95.000000,89.000000
499,20312.000,20.007999,0.071000,0.017000,0.944000,-0.840000,-4.060000,-0.630000,4.857000,0.000000,1.022000,9.722000,0.406000,95.000000,90.000000
500,20332.000,20.016001,0.067000,0.024000,0.994000,-3.920000,-8.190000,3.220000,4.662000,0.000000,1.091000,9.364000,0.819000,95.000000,90.000000
501,20352.000,20.017000,0.099000,0.023000,1.032000,0.070000,-2.100000,4.410000,4.483000,0.000000,1.198000,8.966000,0.210000,95.000000,90.000000
502,20372.000,20.014000,-0.009000,-0.023000,1.002000,0.840000,1.610000,1.050000,4.388000,0.000000,1.234000,8.767000,-0.161000,95.000000,89.000000
503,20391.000,20.017000,0.066000,0.010000,1.027000,-1.470000,-3.640000,-2.800000,4.235000,0.000000,1.189000,8.485000,0.364000,95.000000,90.000000
504,20411.000,20.000999,0.166000,-0.020000,1.063000,4.410000,-6.370000,1.120000,4.131000,0.000000,1.228000,8.218000,0.637000,95.000000,90.000000
505,20431.000,20.007999,0.119000,-0.002000,0.949000,-2.450000,-4.690000,0.910000,3.853000,0.000000,1.269000,7.731000,0.469000,96.000000,90.000000
506,20451.000,20.027000,-0.064000,0.079000,1.021000,-8.330000,-3.010000,-0.560000,3.739000,0.000000,1.250000,7.561000,0.301000,96.000000,90.000000
507,20471.000,20.009001,0.080000,0.015000,0.996000,4.060000,-5.670000,1.050000,3.712000,0.000000,1.279000,7.384000,0.567000,96.000000,90.000000
508,20490.000,20.004999,0.192000,-0.052000,0.967000,0.700000,-8.820000,1.750000,3.555000,0.000000,1.328000,7.103000,0.882000,96.000000,90.000000
509,20510.000,20.016001,0.086000,0.094000,1.024000,-8.470000,-5.600000,-1.610000,3.586000,0.000000,1.269000,7.256000,0.560000,96.000000,90.000000
510,20530.000,20.002001,0.174000,0.135000,0.985000,-1.120000,-1.610000,-1.820000,3.773000,0.000000,1.206000,7.556000,0.161000,96.000000,90.000000
511,20550.000,20.007999,0.129000,-0.007000,0.985000,3.990000,-3.430000,-2.310000,3.630000,0.000000,1.185000,7.221000,0.343000,96.000000,90.000000
512,20570.000,20.007000,0.000000,-0.012000,1.015000,-3.080000,-7.910000,1.190000,3.490000,0.000000,1.214000,7.010000,0.791000,96.000000,90.000000
513,20590.000,20.009001,-0.019000,0.094000,0.964000,-4.760000,-6.510000,-0.350000,3.494000,0.000000,1.191000,7.035000,0.651000,96.000000,90.000000
514,20610.000,20.010000,0.228000,0.080000,0.982000,-4.480000,-5.390000,1.330000,3.501000,0.000000,1.202000,7.047000,0.539000,96.000000,90.000000
515,20629.000,20.006001,0.194000,-0.051000,1.004000,1.750000,-0.490000,-1.190000,3.359000,0.000000,1.201000,6.700000,0.049000,96.000000,90.000000
516,20649.000,20.004000,0.013000,0.030000,1.025000,-0.700000,-0.280000,-1.680000,3.354000,0.000000,1.166000,6.715000,0.028000,96.000000,90.000000
517,20669.000,20.003000,0.121000,0.040000,1.015000,-0.560000,-1.960000,1.330000,3.524000,0.000000,1.169000,7.053000,0.196000,96.000000,90.000000
518,20689.000,20.020000,0.208000,0.031000,1.037000,-4.900000,1.330000,3.360000,3.415000,0.000000,1.238000,6.880000,-0.133000,96.000000,89.000000
519,20709.000,20.000999,0.031000,0.000000,0.940000,-1.120000,5.740000,2.730000,3.321000,0.000000,1.304000,6.653000,-0.574000,96.000000,89.000000
520,20729.000,20.011999,-0.020000,-0.039000,0.993000,-0.280000,2.940000,2.870000,3.212000,0.000000,1.375000,6.428000,-0.294000,96.000000,89.000000
521,20748.000,20.010000,0.137000,-0.022000,0.982000,-1.330000,-3.220000,3.990000,2.963000,0.000000,1.479000,5.939000,0.322000,97.000000,90.000000
522,20768.000,20.004000,0.042000,0.034000,0.979000,-3.080000,-3.220000,0.140000,2.942000,0.000000,1.476000,5.915000,0.322000,97.000000,90.000000
523,20788.000,20.014999,-0.016000,0.029000,1.042000,0.630000,1.050000,-2.730000,2.974000,0.000000,1.420000,5.942000,-0.105000,97.000000,89.000000
524,20808.000,20.007999,0.160000,-0.008000,0.970000,3.710000,-0.070000,1.540000,2.931000,0.000000,1.464000,5.826000,0.007000,97.000000,90.000000
525,20828.000,20.009001,0.133000,-0.048000,1.056000,4.130000,-4.620000,2.100000,2.780000,0.000000,1.531000,5.518000,0.462000,97.000000,90.000000
526,20848.000,20.014999,-0.066000,0.081000,1.011000,-3.850000,-2.730000,1.190000,2.773000,0.000000,1.546000,5.585000,0.273000,97.000000,90.000000
527,20867.000,20.004000,0.088000,0.068000,0.943000,-1.120000,1.260000,-0.560000,2.962000,0.000000,1.510000,5.936000,-0.126000,97.000000,89.000000
528,20887.000,20.016001,0.181000,-0.081000,0.982000,6.790000,-2.870000,-1.680000,2.910000,0.000000,1.498000,5.752000,0.287000,97.000000,90.000000
529,20907.000,20.006001,-0.011000,-0.021000,0.961000,0.000000,-6.930000,0.420000,2.840000,0.000000,1.511000,5.680000,0.693000,97.000000,90.000000
530,20927.000,20.004000,-0.003000,0.132000,0.987000,-3.220000,-4.550000,-0.560000,2.937000,0.000000,1.480000,5.907000,0.455000,97.000000,90.000000
531,20947.000,20.010000,0.211000,0.055000,0.983000,2.800000,0.770000,1.610000,3.068000,0.000000,1.503000,6.107000,-0.077000,96.000000,89.000000
532,20967.000,20.004999,0.270000,-0.035000,0.996000,3.360000,2.030000,2.450000,3.047000,0.000000,1.563000,6.061000,-0.203000,96.000000,89.000000
src_seq,t_ms,dt_ms,ax,ay,az,gx,gy,gz,roll,pitch,yaw,pid_roll,pid_pitch,sv1,sv3
533,20986.000,20.002001,-0.028000,-0.010000,0.971000,0.000000,-3.220000,0.490000,2.998000,0.000000,1.578000,5.996000,0.322000,97.000000,90.000000
534,21006.000,20.009001,0.088000,0.059000,0.996000,1.400000,-4.760000,-1.680000,3.208000,0.000000,1.521000,6.403000,0.476000,96.000000,90.000000
535,21026.000,20.007000,0.170000,0.029000,0.966000,2.310000,-2.240000,-1.330000,3.280000,0.000000,1.490000,6.537000,0.224000,96.000000,90.000000
536,21046.000,20.017000,0.027000,-0.011000,1.014000,3.430000,2.310000,-2.030000,3.272000,0.000000,1.460000,6.509000,-0.231000,96.000000,89.000000
537,21066.000,20.007999,0.076000,0.032000,0.994000,0.910000,0.700000,1.470000,3.320000,0.000000,1.486000,6.630000,-0.070000,96.000000,89.000000
538,21086.000,20.006001,0.162000,0.017000,1.021000,1.750000,-1.330000,1.890000,3.299000,0.000000,1.530000,6.581000,0.133000,96.000000,90.000000
539,21106.000,20.000999,0.006000,0.055000,1.003000,-2.100000,-0.560000,0.980000,3.311000,0.000000,1.542000,6.643000,0.056000,96.000000,90.000000
540,21125.000,20.013000,-0.123000,-0.016000,0.975000,5.040000,1.470000,-1.400000,3.375000,0.000000,1.520000,6.699000,-0.147000,96.000000,89.000000
541,21145.000,20.000999,0.164000,-0.015000,1.001000,1.260000,-2.800000,3.010000,3.247000,0.000000,1.595000,6.481000,0.280000,96.000000,90.000000
542,21165.000,20.010000,0.251000,0.065000,1.025000,2.870000,-4.620000,0.770000,3.368000,0.000000,1.601000,6.706000,0.462000,96.000000,90.000000
543,21185.000,20.011999,-0.006000,0.086000,0.972000,-4.830000,0.630000,17.360001,3.329000,0.000000,1.939000,6.706000,-0.063000,96.000000,89.000000
544,21205.000,20.007000,0.012000,-0.011000,1.007000,2.730000,2.730000,-1.540000,3.310000,0.000000,1.918000,6.592000,-0.273000,96.000000,89.000000
545,21225.000,20.014999,0.164000,-0.057000,0.944000,-2.310000,-2.030000,1.190000,3.072000,0.000000,1.962000,6.168000,0.203000,96.000000,90.000000
546,21244.000,20.002001,0.140000,0.042000,0.976000,-3.710000,-5.880000,-1.540000,3.138000,0.000000,1.913000,6.314000,0.588000,96.000000,90.000000
547,21264.000,20.007000,0.078000,0.092000,1.024000,-4.900000,-3.710000,-0.210000,3.233000,0.000000,1.884000,6.515000,0.371000,96.000000,90.000000
548,21284.000,20.014000,0.050000,0.047000,0.941000,5.530000,-0.770000,-4.410000,3.435000,0.000000,1.785000,6.814000,0.077000,96.000000,90.000000
549,21304.000,20.010000,0.108000,0.031000,0.994000,3.290000,-6.650000,-2.170000,3.582000,0.000000,1.729000,7.131000,0.665000,96.000000,90.000000
550,21324.000,20.014999,0.064000,0.006000,0.970000,-0.560000,-7.280000,-0.420000,3.467000,0.000000,1.728000,6.940000,0.728000,96.000000,90.000000
551,21344.000,20.002001,0.157000,0.095000,0.990000,-9.030000,-2.590000,1.190000,3.476000,0.000000,1.729000,7.042000,0.259000,96.000000,90.000000
552,21364.000,20.011999,-0.027000,0.025000,1.002000,6.510000,2.030000,2.310000,3.594000,0.000000,1.778000,7.122000,-0.203000,96.000000,89.000000
553,21383.000,20.017000,-0.140000,-0.071000,1.022000,-0.560000,-0.980000,0.980000,3.494000,0.000000,1.806000,6.994000,0.098000,96.000000,90.000000
554,21403.000,20.003000,0.175000,-0.008000,0.978000,-0.700000,-6.300000,1.750000,3.366000,0.000000,1.850000,6.738000,0.630000,96.000000,90.000000
555,21423.000,20.004999,0.279000,0.044000,1.059000,-2.240000,-2.940000,1.190000,3.340000,0.000000,1.870000,6.703000,0.294000,96.000000,90.000000
556,21443.000,20.004999,0.046000,0.047000,0.973000,-4.830000,3.150000,1.960000,3.305000,0.000000,1.903000,6.657000,-0.315000,96.000000,89.000000
557,21463.000,20.017000,-0.075000,-0.049000,1.035000,1.750000,2.450000,-1.610000,3.258000,0.000000,1.882000,6.499000,-0.245000,96.000000,89.000000
558,21483.000,20.011000,0.130000,-0.050000,0.920000,-0.350000,-4.970000,1.610000,3.033000,0.000000,1.935000,6.070000,0.497000,96.000000,90.000000
559,21502.000,20.003000,0.117000,0.049000,0.995000,-5.180000,-4.060000,-2.870000,3.165000,0.000000,1.850000,6.381000,0.406000,96.000000,90.000000
560,21522.000,20.007999,0.060000,0.099000,0.944000,-7.980000,3.920000,0.280000,3.198000,0.000000,1.835000,6.475000,-0.392000,96.000000,89.000000
561,21542.000,20.002001,-0.065000,-0.062000,1.019000,0.070000,2.450000,-0.210000,3.099000,0.000000,1.843000,6.197000,-0.245000,96.000000,89.000000
562,21562.000,20.009001,0.031000,-0.022000,0.991000,-2.030000,-5.390000,2.450000,2.936000,0.000000,1.903000,5.892000,0.539000,97.000000,90.000000
563,21582.000,20.009001,0.116000,0.006000,1.076000,3.360000,-4.760000,0.490000,2.773000,0.000000,1.935000,5.513000,0.476000,97.000000,90.000000
564,21602.000,20.007999,0.152000,0.046000,0.954000,-3.710000,0.910000,2.100000,2.816000,0.000000,1.964000,5.669000,-0.091000,97.000000,89.000000
565,21622.000,20.004999,0.039000,-0.063000,1.030000,2.380000,1.470000,0.000000,2.695000,0.000000,1.983000,5.367000,-0.147000,97.000000,89.000000
566,21641.000,20.007000,-0.052000,-0.038000,1.022000,-1.260000,-7.630000,-1.610000,2.601000,0.000000,1.956000,5.215000,0.763000,97.000000,90.000000
567,21661.000,20.000999,0.064000,0.029000,0.805000,-2.450000,-3.780000,-1.400000,2.701000,0.000000,1.911000,5.426000,0.378000,97.000000,90.000000
568,21681.000,20.002001,0.343000,0.157000,1.507000,19.879999,0.980000,-0.140000,3.233000,0.000000,1.894000,6.268000,-0.098000,96.000000,89.000000
569,21701.000,20.010000,0.017000,0.125000,1.016000,12.460000,2.800000,-4.410000,3.660000,0.000000,1.790000,7.196000,-0.280000,96.000000,89.000000
570,21721.000,20.014000,-0.026000,0.098000,1.046000,17.709999,-1.540000,-0.140000,4.114000,0.000000,1.776000,8.051000,0.154000,95.000000,90.000000
571,21741.000,20.000999,0.113000,0.021000,0.957000,-7.490000,-5.040000,1.680000,3.796000,0.000000,1.823000,7.667000,0.504000,96.000000,90.000000
572,21760.000,20.007999,0.257000,-0.008000,0.897000,-14.980000,0.840000,2.520000,3.437000,0.000000,1.881000,7.023000,-0.084000,96.000000,89.000000
573,21780.000,20.013000,0.127000,-0.073000,1.091000,-5.950000,1.120000,3.010000,3.081000,0.000000,1.967000,6.222000,-0.112000,96.000000,89.000000
574,21800.000,20.010000,-0.055000,-0.147000,1.127000,1.470000,-5.040000,0.140000,2.950000,0.000000,1.985000,5.886000,0.504000,97.000000,90.000000
575,21820.000,20.000999,0.195000,0.004000,0.981000,2.310000,-7.140000,-0.140000,2.957000,0.000000,1.983000,5.891000,0.714000,97.000000,90.000000
576,21840.000,20.042999,0.247000,0.061000,0.894000,5.180000,-2.310000,1.120000,3.124000,0.000000,1.997000,6.195000,0.231000,96.000000,90.000000
577,21860.000,20.004000,0.136000,0.043000,1.007000,5.320000,0.840000,-2.380000,3.415000,0.000000,1.928000,6.776000,-0.084000,96.000000,89.000000
578,21880.000,20.014999,-0.015000,0.040000,1.043000,0.280000,-4.270000,-3.710000,3.447000,0.000000,1.849000,6.891000,0.427000,96.000000,90.000000
579,21899.000,20.007000,0.144000,0.031000,0.947000,-4.690000,-5.390000,-1.050000,3.385000,0.000000,1.821000,6.816000,0.539000,96.000000,90.000000
580,21919.000,20.007999,0.161000,0.065000,0.890000,-6.930000,1.820000,0.630000,3.389000,0.000000,1.817000,6.847000,-0.182000,96.000000,89.000000
581,21939.000,20.009001,-0.072000,-0.019000,1.084000,-2.170000,2.170000,0.140000,3.293000,0.000000,1.828000,6.607000,-0.217000,96.000000,89.000000
582,21959.000,20.002001,-0.106000,-0.087000,1.100000,-0.840000,-5.880000,2.730000,3.169000,0.000000,1.892000,6.347000,0.588000,96.000000,90.000000
583,21979.000,20.007000,0.034000,-0.040000,0.966000,-0.070000,-4.690000,4.270000,3.019000,0.000000,1.992000,6.039000,0.469000,96.000000,90.000000
584,21999.000,20.007000,0.062000,0.014000,0.966000,2.240000,0.140000,1.050000,3.034000,0.000000,2.016000,6.046000,-0.014000,96.000000,89.000000
585,22019.000,20.003000,-0.017000,0.002000,1.076000,3.080000,-1.120000,-1.960000,3.066000,0.000000,1.981000,6.100000,0.112000,96.000000,90.000000
586,22038.000,20.014000,-0.040000,-0.074000,1.023000,-0.280000,-4.270000,0.560000,2.936000,0.000000,2.003000,5.875000,0.427000,97.000000,90.000000
587,22058.000,20.009001,0.004000,-0.081000,1.000000,-6.370000,-3.360000,0.630000,2.649000,0.000000,2.032000,5.362000,0.336000,97.000000,90.000000
588,22078.000,20.014000,0.018000,0.029000,1.037000,-5.110000,-5.880000,-17.500000,2.618000,0.000000,1.674000,5.286000,0.588000,97.000000,90.000000
589,22098.000,20.006001,0.105000,-0.005000,0.956000,2.310000,-6.230000,-1.750000,2.441000,0.000000,1.662000,4.859000,0.623000,97.000000,90.000000
590,22118.000,20.000999,0.068000,-0.073000,0.937000,0.630000,-2.870000,-3.780000,2.249000,0.000000,1.608000,4.491000,0.287000,97.000000,90.000000
591,22138.000,20.007999,0.067000,0.022000,0.994000,-0.280000,-2.380000,-0.980000,2.322000,0.000000,1.580000,4.647000,0.238000,97.000000,90.000000
592,22157.000,20.009001,0.163000,0.092000,0.937000,-0.630000,-4.550000,-1.120000,2.495000,0.000000,1.537000,4.997000,0.455000,97.000000,90.000000
593,22177.000,20.006001,0.151000,0.079000,0.901000,5.950000,1.120000,0.910000,2.795000,0.000000,1.535000,5.531000,-0.112000,97.000000,89.000000
594,22197.000,20.000999,0.000000,-0.006000,1.068000,3.220000,1.960000,-0.840000,2.815000,0.000000,1.524000,5.598000,-0.196000,97.000000,89.000000
595,22217.000,20.004000,-0.001000,0.035000,1.072000,0.910000,-5.110000,-17.290001,2.901000,0.000000,1.171000,5.793000,0.511000,97.000000,90.000000
596,22237.000,20.020000,0.238000,0.043000,0.937000,1.120000,-4.830000,0.910000,2.963000,0.000000,1.183000,5.914000,0.483000,97.000000,90.000000
597,22257.000,20.002001,0.265000,0.033000,0.957000,1.050000,0.420000,0.910000,3.001000,0.000000,1.200000,5.991000,-0.042000,97.000000,89.000000
598,22277.000,20.014000,0.083000,-0.029000,1.096000,0.980000,0.000000,-1.540000,2.845000,0.000000,1.189000,5.681000,0.000000,97.000000,90.000000
599,22296.000,20.010000,0.048000,-0.076000,1.080000,4.900000,-7.350000,-1.120000,2.763000,0.000000,1.184000,5.478000,0.735000,97.000000,90.000000
600,22316.000,20.003000,0.156000,0.011000,0.952000,3.570000,-6.370000,-3.290000,2.819000,0.000000,1.118000,5.601000,0.637000,97.000000,90.000000
601,22336.000,20.014000,0.125000,0.077000,0.956000,3.290000,-0.350000,-1.260000,3.114000,0.000000,1.066000,6.195000,0.035000,96.000000,90.000000
602,22356.000,20.014999,-0.038000,-0.059000,1.063000,7.560000,-1.260000,-0.910000,3.163000,0.000000,1.059000,6.250000,0.126000,96.000000,90.000000
603,22376.000,20.006001,0.004000,-0.050000,1.023000,2.590000,-6.650000,2.030000,3.085000,0.000000,1.111000,6.144000,0.665000,96.000000,90.000000
604,22396.000,20.004000,0.099000,0.015000,0.911000,-5.460000,-4.270000,4.130000,2.799000,0.000000,1.211000,5.654000,0.427000,97.000000,90.000000
605,22415.000,20.010000,0.082000,-0.007000,0.961000,3.640000,0.070000,-0.350000,2.721000,0.000000,1.221000,5.405000,-0.007000,97.000000,89.000000
606,22435.000,20.014999,0.174000,-0.049000,1.019000,8.050000,-2.590000,-3.920000,2.722000,0.000000,1.160000,5.363000,0.259000,97.000000,90.000000
607,22455.000,20.017000,-0.007000,-0.111000,0.974000,2.380000,-1.190000,-1.330000,2.604000,0.000000,1.152000,5.184000,0.119000,97.000000,90.000000
608,22475.000,20.011000,-0.071000,0.002000,1.024000,2.030000,1.470000,-1.610000,2.633000,0.000000,1.122000,5.245000,-0.147000,97.000000,89.000000
609,22495.000,20.004000,0.081000,0.077000,1.034000,4.830000,-0.700000,0.910000,2.935000,0.000000,1.118000,5.821000,0.070000,97.000000,90.000000
610,22515.000,20.000999,0.084000,-0.233000,1.115000,1.750000,-5.740000,1.400000,2.739000,0.000000,1.168000,5.460000,0.574000,97.000000,90.000000
611,22535.000,20.007000,-0.008000,-0.070000,1.104000,12.110000,-5.530000,-4.060000,2.858000,0.000000,1.099000,5.595000,0.553000,97.000000,90.000000
612,22554.000,20.007000,-0.046000,0.075000,0.988000,14.210000,-6.370000,-0.700000,3.226000,0.000000,1.074000,6.309000,0.637000,96.000000,90.000000
613,22574.000,20.000999,0.142000,0.132000,0.879000,4.480000,-4.480000,-2.310000,3.530000,0.000000,1.003000,7.016000,0.448000,96.000000,90.000000
614,22594.000,20.004999,0.064000,0.171000,0.894000,-1.050000,2.660000,0.070000,3.734000,0.000000,0.982000,7.478000,-0.266000,96.000000,89.000000
615,22614.000,20.016001,0.040000,0.004000,1.058000,-9.380000,-0.420000,4.410000,3.443000,0.000000,1.080000,6.980000,0.042000,96.000000,90.000000
616,22634.000,20.007000,0.002000,-0.049000,1.011000,-12.390000,-4.550000,-0.980000,3.058000,0.000000,1.072000,6.239000,0.455000,96.000000,90.000000
617,22654.000,20.014999,0.169000,0.091000,0.976000,-2.870000,-1.540000,0.560000,3.161000,0.000000,1.066000,6.351000,0.154000,96.000000,90.000000
618,22673.000,20.011999,0.145000,-0.112000,1.011000,6.650000,1.820000,0.140000,3.072000,0.000000,1.092000,6.078000,-0.182000,96.000000,89.000000
619,22693.000,20.011999,0.040000,-0.047000,1.112000,5.740000,-0.980000,-1.050000,3.032000,0.000000,1.087000,6.007000,0.098000,96.000000,90.000000
620,22713.000,20.004999,0.102000,0.078000,1.037000,6.580000,-4.480000,0.000000,3.394000,0.000000,1.062000,6.722000,0.448000,96.000000,90.000000
src_seq,t_ms,dt_ms,ax,ay,az,gx,gy,gz,roll,pitch,yaw,pid_roll,pid_pitch,sv1,sv3
621,22733.000,20.003000,0.168000,0.103000,0.931000,3.640000,-1.330000,-0.420000,3.637000,0.000000,1.035000,7.237000,0.133000,96.000000,90.000000
622,22753.000,20.004999,-0.068000,-0.017000,1.056000,3.150000,-0.980000,1.750000,3.634000,0.000000,1.076000,7.237000,0.098000,96.000000,90.000000
623,22773.000,20.014999,-0.001000,-0.087000,1.068000,-9.520000,-8.120000,2.940000,3.268000,0.000000,1.147000,6.631000,0.812000,96.000000,90.000000
626,22832.000,20.004999,-0.021000,-0.096000,1.011000,1.680000,-0.560000,-4.970000,2.723000,0.000000,1.149000,5.430000,0.056000,97.000000,90.000000
627,22852.000,20.017000,0.074000,0.006000,0.962000,1.400000,-3.220000,-2.730000,2.690000,0.000000,1.100000,5.366000,0.322000,97.000000,90.000000
628,22872.000,20.017000,0.119000,-0.002000,0.896000,2.870000,1.260000,-0.140000,2.614000,0.000000,1.112000,5.200000,-0.126000,97.000000,89.000000
629,22892.000,20.011999,0.059000,0.065000,1.001000,-3.150000,2.380000,-1.960000,2.717000,0.000000,1.056000,5.466000,-0.238000,97.000000,89.000000
630,22911.000,20.007999,-0.101000,0.075000,1.045000,2.730000,0.980000,-1.120000,2.835000,0.000000,1.027000,5.642000,-0.098000,97.000000,89.000000
631,22931.000,20.006001,0.173000,-0.002000,1.057000,0.770000,-4.480000,-17.080000,2.815000,0.000000,0.690000,5.622000,0.448000,97.000000,90.000000
632,22951.000,20.017000,0.168000,0.000000,0.991000,-6.020000,-2.100000,1.680000,2.625000,0.000000,0.730000,5.310000,0.210000,97.000000,90.000000
633,22971.000,20.016001,-0.136000,0.046000,1.017000,-6.300000,-0.140000,2.170000,2.523000,0.000000,0.771000,5.108000,0.014000,97.000000,90.000000
634,22991.000,20.033001,0.038000,0.270000,0.973000,14.420000,-6.720000,-1.820000,3.038000,0.000000,0.708000,5.932000,0.672000,97.000000,90.000000
635,23011.000,20.009001,0.216000,0.052000,0.958000,-3.220000,-5.950000,6.930000,3.020000,0.000000,0.838000,6.073000,0.595000,96.000000,90.000000
636,23031.000,20.017000,0.630000,-0.074000,1.049000,-18.620001,-9.380000,11.410000,2.578000,0.000000,1.070000,5.343000,0.938000,97.000000,90.000000
637,23050.000,20.007999,1.719000,-0.187000,0.992000,-23.100000,-8.190000,15.750000,2.048000,0.000000,1.391000,4.327000,0.819000,97.000000,90.000000
638,23070.000,20.013000,2.695000,-0.308000,1.019000,-8.400000,-6.020000,14.560000,1.813000,0.000000,1.688000,3.710000,0.602000,98.000000,90.000000
639,23090.000,20.007000,3.997000,-0.117000,0.755000,9.170000,-3.220000,17.010000,1.942000,0.000000,2.032000,3.793000,0.322000,98.000000,90.000000
640,23110.000,20.000999,3.997000,0.260000,1.098000,8.330000,2.520000,1.330000,2.121000,0.000000,2.057000,4.158000,-0.252000,97.000000,89.000000
641,23130.000,20.016001,3.997000,0.343000,2.030000,16.730000,-1.050000,-4.830000,2.490000,0.000000,1.955000,4.813000,0.105000,97.000000,90.000000
642,23150.000,20.004000,3.997000,0.105000,0.533000,16.870001,-84.980003,-3.920000,2.851000,0.000000,1.848000,5.533000,8.498000,97.000000,94.000000
643,23169.000,20.009001,3.997000,0.493000,0.853000,18.059999,-45.500000,3.920000,3.229000,0.000000,1.902000,6.278000,4.550000,96.000000,92.000000
644,23189.000,20.014999,3.997000,0.154000,-1.299000,1.400000,-39.410000,4.340000,3.253000,0.000000,1.968000,6.493000,3.941000,96.000000,91.000000
645,23209.000,20.009001,2.657000,0.260000,0.007000,-7.700000,45.080002,-1.330000,3.123000,0.000000,1.958000,6.324000,-4.508000,96.000000,87.000000
646,23229.000,20.003000,1.712000,0.179000,1.039000,1.820000,26.320000,9.310000,3.143000,0.000000,2.156000,6.267000,-2.632000,96.000000,88.000000
647,23249.000,20.014999,0.253000,0.024000,0.809000,-10.850000,14.770000,11.830000,2.889000,0.000000,2.402000,5.887000,-1.477000,97.000000,89.000000
648,23269.000,20.009001,-0.197000,0.155000,0.355000,-44.029999,43.959999,5.110000,2.100000,0.000000,2.493000,4.639000,-4.396000,97.000000,87.000000
649,23288.000,20.011000,0.039000,-0.003000,1.087000,0.700000,16.240000,7.000000,2.075000,0.000000,2.639000,4.144000,-1.624000,97.000000,89.000000
650,23308.000,20.017000,-0.100000,-0.042000,0.772000,-3.290000,15.890000,10.990000,1.927000,0.000000,2.871000,3.887000,-1.589000,98.000000,89.000000
651,23328.000,20.004999,-0.113000,0.097000,0.772000,-20.719999,26.250000,2.310000,1.591000,0.000000,2.903000,3.389000,-2.625000,98.000000,88.000000
652,23348.000,20.014999,-0.016000,0.184000,0.896000,-23.940001,13.580000,8.750000,1.267000,0.000000,3.050000,2.772000,-1.358000,98.000000,89.000000
653,23367.000,20.011000,-0.071000,-0.006000,0.644000,-28.420000,7.140000,7.490000,0.677000,0.000000,3.199000,1.638000,-0.714000,99.000000,89.000000
654,23387.000,20.013000,-0.078000,-0.010000,0.711000,-34.509998,18.129999,5.810000,-0.022000,0.000000,3.304000,0.300000,-1.813000,99.000000,89.000000
655,23407.000,20.017000,-0.029000,0.004000,0.985000,-24.780001,11.130000,9.100000,-0.487000,0.000000,3.472000,-0.727000,-1.113000,100.000000,89.000000
656,23427.000,20.007999,-0.050000,-0.131000,0.859000,-22.049999,2.240000,5.180000,-1.064000,0.000000,3.588000,-1.907000,-0.224000,100.000000,89.000000
657,23447.000,20.007000,-0.073000,-0.012000,0.713000,-19.530001,8.610000,3.570000,-1.426000,0.000000,3.646000,-2.658000,-0.861000,101.000000,89.000000
658,23467.000,20.013000,-0.062000,0.066000,0.928000,-4.060000,10.430000,6.090000,-1.383000,0.000000,3.742000,-2.726000,-1.043000,101.000000,89.000000
659,23486.000,20.006001,-0.043000,-0.030000,0.889000,0.770000,1.750000,3.500000,-1.341000,0.000000,3.807000,-2.689000,-0.175000,101.000000,89.000000
660,23506.000,20.009001,-0.091000,0.078000,0.673000,-0.490000,4.690000,3.500000,-1.220000,0.000000,3.859000,-2.435000,-0.469000,101.000000,89.000000
661,23526.000,20.006001,-0.081000,0.094000,0.785000,5.180000,10.360000,6.160000,-0.974000,0.000000,3.959000,-1.999000,-1.036000,100.000000,89.000000
662,23546.000,20.016001,-0.051000,-0.013000,0.851000,6.790000,3.990000,4.760000,-0.794000,0.000000,4.047000,-1.655000,-0.399000,100.000000,89.000000
663,23566.000,20.004999,-0.093000,0.044000,0.759000,5.530000,5.040000,4.550000,-0.585000,0.000000,4.126000,-1.225000,-0.504000,100.000000,89.000000
664,23586.000,20.013000,-0.068000,0.024000,0.794000,11.340000,8.470000,8.050000,-0.275000,0.000000,4.274000,-0.664000,-0.847000,100.000000,89.000000
665,23606.000,20.003000,-0.046000,-0.065000,0.869000,10.010000,5.180000,6.160000,-0.154000,0.000000,4.399000,-0.408000,-0.518000,100.000000,89.000000
666,23625.000,20.013000,-0.071000,0.028000,0.851000,11.340000,4.900000,6.230000,0.162000,0.000000,4.515000,0.212000,-0.490000,99.000000,89.000000
667,23645.000,20.025000,-0.062000,0.011000,0.856000,16.870001,7.630000,9.240000,0.562000,0.000000,4.693000,0.954000,-0.763000,99.000000,89.000000
668,23665.000,20.013000,-0.049000,-0.027000,0.887000,14.350000,3.850000,7.420000,0.822000,0.000000,4.842000,1.500000,-0.385000,99.000000,89.000000
669,23685.000,20.000999,-0.053000,0.039000,0.872000,12.530000,3.920000,7.280000,1.183000,0.000000,4.982000,2.241000,-0.392000,98.000000,89.000000
670,23705.000,20.017000,-0.056000,0.037000,0.951000,13.300000,5.670000,9.170000,1.547000,0.000000,5.161000,2.960000,-0.567000,98.000000,89.000000
671,23725.000,20.009001,-0.055000,-0.003000,0.983000,8.750000,3.080000,7.070000,1.721000,0.000000,5.303000,3.354000,-0.308000,98.000000,89.000000
672,23744.000,20.009001,-0.055000,0.017000,0.930000,3.920000,1.820000,8.260000,1.846000,0.000000,5.467000,3.652000,-0.182000,98.000000,89.000000
673,23764.000,20.000999,-0.033000,-0.008000,0.913000,-0.700000,2.870000,8.260000,1.792000,0.000000,5.633000,3.591000,-0.287000,98.000000,89.000000
674,23784.000,20.011999,-0.035000,-0.021000,1.019000,-5.460000,1.820000,7.560000,1.596000,0.000000,5.785000,3.247000,-0.182000,98.000000,89.000000
675,23804.000,20.007999,-0.066000,0.023000,1.018000,-7.560000,1.400000,7.490000,1.514000,0.000000,5.934000,3.103000,-0.140000,98.000000,89.000000
676,23824.000,20.004000,-0.051000,-0.019000,1.033000,-8.470000,0.770000,7.560000,1.294000,3.720000,6.085000,2.673000,25.961000,98.000000,102.000000
677,23844.000,20.004999,-0.033000,-0.003000,0.987000,-10.920000,-0.490000,6.230000,1.107000,3.938000,6.209000,2.324000,27.987000,98.000000,103.000000
678,23863.000,20.007999,-0.055000,0.022000,0.952000,-9.660000,-0.630000,6.160000,1.032000,4.124000,6.332000,2.160000,29.694000,98.000000,104.000000
679,23883.000,20.016001,-0.060000,-0.017000,0.954000,-7.630000,-0.070000,5.530000,0.864000,4.352000,6.442000,1.804000,31.653000,99.000000,105.000000
680,23903.000,20.025000,-0.057000,0.033000,0.964000,-7.770000,0.140000,5.320000,0.865000,4.524000,6.549000,1.809000,33.271000,99.000000,106.000000
681,23923.000,20.009001,-0.011000,-0.051000,0.920000,-0.910000,0.350000,7.980000,0.621000,4.557000,6.707000,1.250000,33.931999,99.000000,106.000000
682,23943.000,20.007000,-0.044000,-0.006000,1.061000,-16.100000,-2.520000,8.120000,0.395000,4.720000,6.871000,0.950000,35.810001,99.000000,107.000000
683,23963.000,20.007000,-0.031000,0.020000,1.072000,9.800000,-20.719999,5.180000,0.805000,4.391000,6.986000,1.512000,35.804001,99.000000,107.000000
684,23983.000,20.010000,-0.034000,0.022000,1.107000,-16.870001,-16.240000,9.100000,0.660000,4.196000,7.175000,1.488000,34.428001,99.000000,107.000000
685,24002.000,20.016001,-0.027000,-0.015000,1.216000,-0.770000,-18.129999,9.170000,0.723000,4.052000,7.366000,1.454000,34.030998,99.000000,107.000000
686,24022.000,20.013000,-0.048000,0.017000,1.244000,-0.700000,-26.180000,8.190000,0.857000,3.706000,7.539000,1.721000,32.818001,99.000000,106.000000
687,24042.000,20.009001,-0.042000,-0.013000,1.165000,-1.120000,-29.260000,9.170000,0.862000,3.351000,7.732000,1.735000,31.014000,99.000000,105.000000
688,24062.000,20.007999,-0.025000,-0.004000,1.292000,-2.030000,-29.400000,8.610000,0.909000,2.977000,7.912000,1.838000,28.740000,99.000000,104.000000
689,24082.000,20.014999,-0.036000,0.029000,1.361000,-0.210000,-33.950001,7.560000,1.046000,2.477000,8.071000,2.094000,25.997000,98.000000,102.000000
690,24102.000,20.004999,-0.050000,0.009000,1.313000,1.960000,-35.980000,7.910000,1.146000,1.979000,8.236000,2.273000,22.959000,98.000000,101.000000
691,24121.000,20.014000,-0.039000,-0.015000,1.394000,17.500000,-38.150002,8.120000,1.492000,1.446000,8.406000,2.808000,19.645000,98.000000,99.000000
692,24141.000,20.003000,-0.022000,0.024000,1.370000,0.980000,-40.389999,8.330000,1.583000,0.854000,8.573000,3.156000,15.866000,98.000000,97.000000
693,24161.000,20.004000,-0.035000,-0.003000,1.436000,1.190000,-34.230000,9.450000,1.599000,0.399000,8.764000,3.186000,12.149000,98.000000,96.000000
694,24181.000,20.011000,-0.021000,0.008000,1.464000,1.820000,-36.189999,9.730000,1.648000,-0.097000,8.960000,3.277000,8.913000,98.000000,94.000000
695,24201.000,20.004999,-0.049000,-0.012000,1.426000,0.770000,-34.790001,10.430000,1.635000,-0.564000,9.172000,3.262000,5.494000,98.000000,92.000000
696,24221.000,20.002001,-0.053000,0.029000,1.424000,-7.070000,-34.369999,10.780000,1.519000,-1.027000,9.387000,3.109000,2.158000,98.000000,91.000000
697,24240.000,20.003000,-0.096000,-0.009000,1.301000,2.380000,-34.580002,11.620000,1.542000,-1.489000,9.624000,3.060000,-1.159000,98.000000,89.000000
698,24260.000,20.007000,-0.066000,0.000000,1.229000,6.230000,-22.469999,10.430000,1.652000,-1.710000,9.835000,3.242000,-4.064000,98.000000,87.000000
699,24280.000,20.007000,-0.020000,0.016000,1.260000,1.750000,-19.950001,12.600000,1.691000,-1.882000,10.086000,3.365000,-5.694000,98.000000,87.000000
700,24300.000,20.000999,-0.045000,0.010000,1.200000,3.430000,-19.670000,13.580000,1.747000,-2.048000,10.359000,3.460000,-7.069000,98.000000,86.000000
701,24320.000,20.000999,-0.052000,0.008000,1.214000,0.420000,-13.930000,14.630000,1.736000,-2.099000,10.652000,3.467000,-8.203000,98.000000,85.000000
702,24340.000,20.002001,-0.033000,0.049000,1.210000,-2.660000,-11.970000,14.140000,1.720000,-2.120000,10.929000,3.466000,-8.758000,98.000000,85.000000
703,24359.000,20.014000,-0.044000,-0.027000,1.134000,0.700000,-7.140000,15.680000,1.665000,-2.037000,11.249000,3.323000,-8.872000,98.000000,85.000000
704,24379.000,20.017000,-0.042000,0.020000,1.120000,1.470000,-4.970000,15.750000,1.694000,-1.910000,11.562000,3.373000,-8.404000,98.000000,85.000000
705,24399.000,20.014000,-0.054000,0.003000,1.053000,2.940000,-1.890000,16.590000,1.726000,-1.719000,11.895000,3.422000,-7.569000,98.000000,86.000000
706,24419.000,20.006001,-0.029000,-0.006000,0.961000,2.310000,2.170000,17.010000,1.730000,-1.448000,12.238000,3.438000,-6.245000,98.000000,86.000000
707,24439.000,20.016001,-0.037000,0.013000,0.974000,1.960000,4.690000,16.379999,1.764000,-1.127000,12.565000,3.508000,-4.395000,98.000000,87.000000
708,24459.000,20.004999,-0.064000,-0.003000,0.963000,1.400000,6.790000,17.010000,1.759000,-0.762000,12.907000,3.505000,-2.168000,98.000000,88.000000
709,24478.000,20.000999,-0.050000,-0.012000,0.918000,-2.100000,7.420000,15.890000,1.672000,-0.386000,13.227000,3.364000,0.328000,98.000000,90.000000
710,24498.000,20.016001,-0.034000,0.017000,0.874000,-4.060000,7.980000,15.540000,1.611000,-0.001000,13.535000,3.262000,2.928000,98.000000,91.000000
711,24518.000,20.017000,-0.054000,0.024000,0.859000,-5.180000,9.730000,15.190000,1.539000,0.417000,13.834000,3.131000,5.681000,98.000000,92.000000
712,24538.000,20.002001,-0.036000,0.013000,0.853000,-7.210000,8.540000,15.260000,1.418000,0.815000,14.136000,2.909000,8.624000,98.000000,94.000000
713,24558.000,20.016001,-0.062000,0.000000,0.803000,-9.520000,5.740000,14.490000,1.224000,1.160000,14.425000,2.544000,11.406000,98.000000,95.000000
714,24578.000,20.004999,-0.054000,-0.001000,0.771000,-10.780000,8.330000,14.070000,1.011000,1.559000,14.703000,2.130000,14.051000,98.000000,97.000000
715,24598.000,20.011000,-0.013000,-0.006000,0.787000,-12.950000,5.880000,12.390000,0.766000,1.908000,14.948000,1.661000,16.896999,99.000000,98.000000
716,24617.000,20.016001,-0.077000,0.061000,0.854000,-22.400000,6.930000,11.340000,0.441000,2.239000,15.166000,1.107000,19.301001,99.000000,99.000000
717,24637.000,20.007000,-0.028000,0.003000,0.914000,-12.530000,6.090000,9.520000,0.277000,2.575000,15.351000,0.680000,21.962999,99.000000,100.000000
718,24657.000,20.009001,-0.033000,-0.013000,0.923000,-9.590000,-1.260000,8.890000,0.128000,2.780000,15.528000,0.351000,24.384001,99.000000,102.000000
719,24677.000,20.007999,-0.040000,0.005000,0.900000,-9.730000,-0.350000,8.540000,0.037000,2.980000,15.696000,0.171000,25.975000,99.000000,102.000000
720,24697.000,20.014999,-0.009000,-0.002000,0.903000,-10.500000,-2.800000,7.980000,-0.013000,3.090000,15.854000,0.080000,27.284000,99.000000,103.000000
721,24717.000,20.017000,-0.020000,0.001000,0.943000,-6.580000,-3.710000,8.260000,0.002000,3.194000,16.018999,0.071000,28.417999,99.000000,104.000000
722,24736.000,20.016001,-0.011000,0.019000,0.985000,-8.330000,-9.030000,6.790000,0.038000,3.122000,16.158001,0.158000,28.764999,99.000000,104.000000
723,24756.000,20.009001,-0.020000,0.000000,0.972000,-6.650000,-11.060000,9.310000,0.048000,3.083000,16.348000,0.163000,29.004999,99.000000,104.000000
724,24776.000,20.010000,-0.023000,0.017000,1.017000,-3.570000,-13.230000,8.750000,0.151000,2.969000,16.528000,0.337000,28.730000,99.000000,104.000000
725,24796.000,20.007000,0.004000,0.026000,0.999000,-1.050000,-16.309999,11.480000,0.346000,2.709000,16.763000,0.702000,27.517000,99.000000,103.000000
726,24816.000,20.000999,-0.019000,0.009000,1.003000,1.540000,-17.780001,12.880000,0.516000,2.536000,17.025999,1.017000,26.724001,99.000000,103.000000
727,24836.000,20.011000,-0.027000,0.001000,1.091000,2.660000,-17.290001,13.370000,0.657000,2.404000,17.298000,1.288000,26.007000,99.000000,103.000000
728,24855.000,20.010000,0.005000,0.027000,1.139000,3.850000,-20.160000,16.030001,0.925000,2.118000,17.620001,1.811000,24.528000,99.000000,102.000000
729,24875.000,20.009001,-0.013000,-0.005000,1.153000,3.150000,-21.980000,18.480000,1.027000,1.906000,17.995001,2.022000,23.443001,98.000000,101.000000
730,24895.000,20.010000,-0.016000,-0.006000,1.166000,2.030000,-21.559999,18.760000,1.091000,1.706000,18.375000,2.161000,22.187000,98.000000,101.000000
731,24915.000,20.017000,0.011000,0.023000,1.188000,1.960000,-23.379999,19.600000,1.276000,1.403000,18.766001,2.533000,20.420000,98.000000,100.000000
732,24935.000,20.002001,-0.008000,0.008000,1.203000,-1.050000,-22.959999,20.440001,1.300000,1.167000,19.176001,2.611000,18.865999,98.000000,99.000000
733,24955.000,20.007999,-0.006000,-0.005000,1.188000,-0.980000,-24.010000,19.950001,1.279000,0.918000,19.579000,2.569000,17.348000,98.000000,98.000000
734,24974.000,20.002001,0.008000,0.014000,1.189000,-1.960000,-22.400000,21.559999,1.305000,0.685000,20.010000,2.630000,15.643000,98.000000,97.000000
735,24994.000,20.011999,0.022000,-0.004000,1.202000,-2.380000,-23.730000,21.000000,1.260000,0.441000,20.433001,2.544000,14.138000,98.000000,97.000000
736,25014.000,20.011000,0.003000,-0.019000,1.171000,-2.170000,-23.870001,21.000000,1.163000,0.195000,20.861000,2.347000,12.475000,98.000000,96.000000
737,25034.000,20.000999,-0.002000,-0.006000,1.138000,0.280000,-22.120001,19.740000,1.161000,-0.015000,21.260000,2.319000,10.848000,98.000000,95.000000
738,25054.000,20.017000,0.015000,-0.022000,1.149000,2.660000,-18.549999,20.020000,1.155000,-0.155000,21.667999,2.283000,9.510000,98.000000,94.000000
739,25074.000,20.004000,0.010000,-0.005000,1.133000,2.730000,-19.389999,19.250000,1.205000,-0.311000,22.056000,2.383000,8.483000,98.000000,94.000000
740,25094.000,20.003000,0.013000,-0.001000,1.147000,2.730000,-15.540000,19.040001,1.264000,-0.392000,22.438999,2.500000,7.500000,98.000000,93.000000
741,25113.000,20.011999,0.023000,0.012000,1.191000,2.520000,-16.450001,18.620001,1.357000,-0.501000,22.809999,2.689000,6.789000,98.000000,93.000000
742,25133.000,20.016001,0.001000,0.037000,1.171000,4.200000,-16.870001,17.570000,1.516000,-0.633000,23.157000,2.990000,5.862000,98.000000,92.000000
743,25153.000,20.014000,0.008000,0.011000,1.102000,-0.700000,-11.270000,18.549999,1.517000,-0.632000,23.525999,3.042000,5.241000,98.000000,92.000000
744,25173.000,20.009001,0.042000,0.029000,1.154000,-1.190000,-12.110000,19.389999,1.589000,-0.683000,23.906000,3.191000,4.907000,98.000000,92.000000
745,25193.000,20.017000,0.037000,0.015000,1.173000,-4.690000,-11.550000,19.740000,1.532000,-0.695000,24.298000,3.111000,4.701000,98.000000,92.000000
746,25213.000,20.016001,0.024000,0.003000,1.146000,-7.630000,-9.730000,21.139999,1.373000,-0.660000,24.719999,2.822000,4.692000,98.000000,92.000000
747,25232.000,20.010000,0.010000,0.008000,1.130000,-10.850000,-9.170000,21.209999,1.164000,-0.615000,25.143999,2.437000,4.883000,98.000000,92.000000
748,25252.000,20.017000,0.005000,0.023000,1.058000,-8.470000,-9.590000,22.889999,1.049000,-0.592000,25.598000,2.183000,5.026000,98.000000,92.000000
749,25272.000,20.006001,-0.007000,0.001000,0.981000,-4.620000,-7.140000,22.330000,0.956000,-0.503000,26.045000,1.958000,5.346000,99.000000,92.000000
750,25292.000,20.009001,0.000000,0.000000,0.950000,-2.730000,-5.950000,22.049999,0.907000,-0.390000,26.486000,1.842000,5.964000,99.000000,92.000000
751,25312.000,20.000999,-0.004000,0.009000,0.925000,2.310000,-4.480000,20.930000,0.991000,-0.256000,26.902000,1.958000,6.719000,99.000000,93.000000
752,25332.000,20.002001,-0.021000,0.001000,0.880000,3.080000,-1.400000,21.139999,1.057000,-0.053000,27.323000,2.083000,7.810000,98.000000,93.000000
753,25351.000,20.007999,0.013000,0.010000,0.932000,2.800000,-1.400000,20.020000,1.172000,0.136000,27.719000,2.316000,9.123000,98.000000,94.000000
754,25371.000,20.004000,-0.006000,0.009000,0.878000,1.750000,-2.170000,18.200001,1.245000,0.316000,28.080000,2.473000,10.475000,98.000000,95.000000
755,25391.000,20.006001,-0.017000,-0.007000,0.898000,0.490000,2.730000,18.410000,1.238000,0.603000,28.448000,2.471000,12.025000,98.000000,96.000000
756,25411.000,20.009001,0.024000,0.000000,0.949000,1.190000,0.070000,17.430000,1.307000,0.827000,28.794001,2.601000,13.919000,98.000000,96.000000
757,25431.000,20.014000,0.029000,-0.014000,0.943000,-0.560000,-2.730000,17.500000,1.225000,0.998000,29.148001,2.455000,15.483000,98.000000,97.000000
758,25451.000,20.007999,-0.007000,-0.007000,0.935000,0.560000,0.210000,15.820000,1.230000,1.234000,29.464001,2.455000,16.941000,98.000000,98.000000
759,25471.000,20.014000,0.000000,0.000000,0.991000,3.290000,-0.770000,16.170000,1.324000,1.447000,29.785999,2.616000,18.648001,98.000000,99.000000
760,25490.000,20.009001,0.027000,-0.006000,0.934000,7.490000,-1.890000,14.350000,1.490000,1.638000,30.072001,2.905000,20.243999,98.000000,100.000000
761,25510.000,20.014000,-0.014000,0.009000,0.955000,13.440000,-0.560000,14.490000,1.803000,1.850000,30.361000,3.472000,21.757000,98.000000,100.000000
762,25530.000,20.011000,0.028000,0.017000,1.034000,21.629999,-2.800000,16.170000,2.411000,1.924000,30.677999,4.605000,22.687000,97.000000,101.000000
763,25550.000,20.002001,0.036000,-0.001000,1.017000,19.180000,-3.920000,15.680000,2.556000,1.874000,30.999001,4.920000,22.639000,97.000000,101.000000
764,25570.000,20.000999,0.026000,0.022000,1.109000,20.090000,-3.920000,16.309999,3.038000,1.999000,31.320999,5.876000,23.705000,97.000000,101.000000
765,25590.000,20.004999,0.055000,0.016000,1.091000,18.549999,-5.880000,18.549999,3.297000,1.666000,31.693001,6.409000,21.766001,96.000000,100.000000
766,25609.000,20.014000,0.032000,-0.015000,1.000000,11.410000,-8.890000,18.969999,3.286000,1.531000,32.077000,6.459000,21.289000,96.000000,100.000000
767,25629.000,20.011999,-0.008000,0.008000,0.914000,-1.890000,-8.890000,19.459999,3.159000,1.561000,32.465000,6.338000,21.650000,96.000000,100.000000
768,25649.000,20.013000,0.019000,0.018000,0.910000,-10.430000,-5.320000,23.100000,2.888000,1.669000,32.925999,5.880000,22.209000,97.000000,101.000000
769,25669.000,20.014999,0.023000,-0.027000,0.864000,-14.560000,-10.220000,22.820000,2.357000,1.522000,33.389000,4.860000,21.676001,97.000000,100.000000
770,25689.000,20.017000,-0.020000,0.008000,0.819000,-17.430000,-6.090000,22.400000,1.991000,1.626000,33.835999,4.156000,21.993000,97.000000,100.000000
771,25709.000,20.000999,0.023000,0.005000,0.909000,-17.360001,-3.850000,23.170000,1.655000,1.776000,34.297001,3.484000,22.816999,98.000000,101.000000
772,25728.000,20.014999,0.027000,-0.025000,0.956000,-19.110001,-9.240000,22.190001,1.048000,1.694000,34.750999,2.288000,22.781000,98.000000,101.000000
773,25748.000,20.033001,0.022000,0.023000,0.919000,-19.600000,-7.140000,21.209999,0.848000,1.651000,35.168999,1.892000,22.271000,99.000000,101.000000
774,25768.000,20.007999,0.036000,0.008000,0.970000,-17.920000,-6.790000,21.490000,0.696000,1.568000,35.591999,1.572000,21.653999,99.000000,100.000000
775,25788.000,20.006001,0.026000,-0.003000,1.006000,-20.299999,-10.360000,18.690001,0.429000,1.537000,35.963001,1.061000,21.798000,99.000000,100.000000
776,25808.000,20.007999,0.033000,0.014000,0.936000,-19.740000,-10.080000,19.320000,0.241000,1.392000,36.345001,0.679000,20.754000,99.000000,100.000000
777,25828.000,20.011000,0.029000,-0.007000,0.971000,-18.690001,-8.120000,19.600000,0.024000,1.389000,36.734001,0.234000,20.538000,99.000000,100.000000
778,25848.000,20.006001,0.041000,0.009000,1.000000,-14.070000,-9.380000,17.430000,-0.048000,1.244000,37.077999,0.046000,19.648001,99.000000,99.000000
779,25867.000,20.004999,0.034000,0.017000,0.992000,-9.450000,-9.660000,19.530001,-0.036000,1.127000,37.465000,0.023000,18.853001,99.000000,99.000000
780,25887.000,20.007999,0.046000,-0.015000,0.980000,-7.840000,-8.050000,17.850000,0.012000,1.030000,37.816002,0.102000,18.011999,99.000000,99.000000
781,25907.000,20.004999,0.037000,0.028000,1.002000,-6.370000,-9.030000,17.219999,0.087000,0.919000,38.153999,0.238000,17.339001,99.000000,98.000000
782,25927.000,20.004999,0.037000,0.027000,0.993000,-2.660000,-9.240000,19.459999,0.232000,0.810000,38.536999,0.491000,16.591999,99.000000,98.000000
783,25947.000,20.014999,0.050000,-0.015000,1.000000,-0.350000,-8.330000,18.340000,0.404000,0.765000,38.897999,0.811000,16.187000,99.000000,98.000000
784,25966.000,20.014000,0.044000,0.061000,0.980000,-0.350000,-8.960000,18.549999,0.602000,0.626000,39.261002,1.208000,15.281000,99.000000,97.000000
785,25986.000,20.013000,0.046000,0.014000,0.978000,3.570000,-7.210000,20.090000,0.865000,0.568000,39.653000,1.694000,14.695000,99.000000,97.000000
786,26006.000,20.006001,0.053000,-0.024000,1.007000,2.590000,-7.490000,19.600000,0.739000,0.595000,40.057999,1.452000,14.913000,99.000000,97.000000
787,26026.000,20.007000,0.048000,0.010000,0.985000,3.850000,-7.420000,20.160000,1.006000,0.534000,40.451000,1.974000,14.482000,99.000000,97.000000
788,26046.000,20.013000,0.045000,0.012000,0.997000,6.580000,-4.900000,21.490000,1.307000,0.560000,40.870998,2.549000,14.412000,98.000000,97.000000
789,26066.000,20.016001,0.038000,-0.022000,1.007000,9.240000,-5.600000,21.700001,1.349000,0.649000,41.313999,2.606000,15.101000,98.000000,97.000000
790,26086.000,20.011000,0.048000,0.033000,0.984000,10.920000,-4.900000,21.700001,1.764000,0.610000,41.736000,3.418000,14.757000,98.000000,97.000000
791,26105.000,20.004000,0.052000,0.011000,0.961000,14.070000,-4.060000,25.830000,2.223000,0.623000,42.242001,4.305000,14.766000,97.000000,97.000000
792,26125.000,20.014999,0.044000,0.005000,0.966000,13.160000,-2.660000,23.450001,2.417000,0.790000,42.714001,4.703000,15.798000,97.000000,97.000000
793,26145.000,20.002001,0.047000,0.033000,0.976000,12.600000,-2.870000,25.410000,2.857000,0.802000,43.209999,5.587000,15.904000,97.000000,97.000000
794,26165.000,20.016001,0.048000,-0.001000,0.965000,14.840000,-2.590000,26.110001,2.906000,0.811000,43.743999,5.663000,15.937000,97.000000,97.000000
795,26185.000,20.010000,0.037000,-0.013000,0.956000,14.420000,-1.190000,26.110001,2.963000,0.885000,44.278000,5.782000,16.316999,97.000000,98.000000
796,26205.000,20.016001,0.039000,0.020000,0.977000,16.940001,-0.280000,27.580000,3.278000,1.096000,44.831001,6.387000,17.698999,96.000000,98.000000
797,26224.000,20.014000,0.036000,-0.023000,0.986000,19.459999,1.120000,28.840000,3.419000,1.171000,45.419998,6.643000,18.082001,96.000000,99.000000
798,26244.000,20.007000,0.047000,-0.017000,0.962000,13.720000,-0.350000,30.100000,3.434000,1.154000,46.034000,6.731000,18.111000,96.000000,99.000000
799,26264.000,20.003000,0.045000,0.008000,0.948000,13.650000,-0.070000,30.660000,3.450000,1.173000,46.659000,6.764000,18.219000,96.000000,99.000000
800,26284.000,20.003000,0.039000,-0.020000,0.971000,13.230000,-1.330000,32.270000,3.458000,1.172000,47.314999,6.783000,18.339001,96.000000,99.000000
801,26304.000,20.010000,0.040000,-0.006000,0.927000,9.590000,-0.490000,31.500000,3.393000,1.189000,47.957001,6.690000,18.368999,96.000000,99.000000
802,26324.000,20.004000,0.054000,0.005000,0.921000,7.770000,-0.420000,33.040001,3.302000,1.078000,48.629002,6.526000,17.584999,96.000000,98.000000
803,26344.000,20.009001,0.031000,-0.020000,0.940000,5.180000,-0.140000,34.020000,3.157000,1.142000,49.320999,6.263000,18.006001,96.000000,99.000000
804,26363.000,20.003000,0.036000,0.005000,0.940000,1.820000,0.210000,34.160000,2.967000,1.254000,50.014000,5.915000,18.759001,97.000000,99.000000
805,26383.000,20.011999,0.044000,0.015000,0.913000,1.890000,-0.840000,35.209999,2.748000,1.280000,50.729000,5.477000,19.046000,97.000000,99.000000
806,26403.000,20.011000,0.001000,-0.014000,0.928000,0.630000,0.350000,35.139999,2.600000,1.466000,51.438999,5.193000,20.228001,97.000000,100.000000
807,26423.000,20.007999,0.049000,0.018000,0.921000,-1.050000,1.540000,34.930000,2.669000,1.294000,52.132999,5.349000,18.902000,97.000000,99.000000
808,26443.000,20.002001,0.040000,0.005000,0.917000,-0.210000,0.840000,36.259998,2.420000,1.391000,52.868999,4.843000,19.656000,97.000000,99.000000
809,26462.000,20.009001,0.038000,-0.004000,0.928000,-1.960000,1.890000,34.790001,2.133000,1.499000,53.576000,4.286000,20.306000,97.000000,100.000000
810,26482.000,20.006001,0.052000,-0.004000,0.941000,-2.800000,1.260000,34.230000,1.892000,1.353000,54.268002,3.811000,19.341999,98.000000,99.000000
811,26502.000,20.044001,0.043000,-0.015000,0.928000,-2.380000,0.770000,35.070000,1.582000,1.371000,54.980999,3.188000,19.521999,98.000000,99.000000
812,26522.000,20.011000,0.044000,-0.019000,0.935000,-4.340000,1.400000,33.669998,1.235000,1.391000,55.666000,2.513000,19.594999,98.000000,99.000000
813,26542.000,20.007000,0.047000,0.016000,0.944000,-4.200000,0.630000,33.529999,1.347000,1.376000,56.326000,2.736000,19.570999,98.000000,99.000000
814,26562.000,20.002001,0.035000,-0.006000,0.936000,-4.060000,0.490000,33.529999,1.268000,1.618000,56.995998,2.576000,21.280001,98.000000,100.000000
815,26582.000,20.013000,0.045000,-0.014000,0.945000,-5.110000,1.260000,32.410000,0.967000,1.498000,57.652000,1.985000,20.363001,99.000000,100.000000
816,26601.000,20.004999,0.042000,0.015000,0.955000,-5.180000,-0.770000,33.250000,1.063000,1.492000,58.307999,2.179000,20.520000,98.000000,100.000000
817,26621.000,20.013000,0.051000,-0.006000,0.923000,-3.360000,0.210000,32.830002,1.075000,1.303000,58.959999,2.183000,19.099001,98.000000,99.000000
818,26641.000,20.003000,0.049000,0.003000,0.941000,-3.010000,0.490000,31.010000,1.207000,1.263000,59.570000,2.444000,18.792999,98.000000,99.000000
819,26661.000,20.011999,0.049000,0.024000,0.942000,0.000000,-0.140000,30.030001,1.406000,1.243000,60.160000,2.813000,18.716999,98.000000,99.000000
820,26681.000,20.011000,0.040000,-0.011000,0.930000,0.140000,-0.630000,30.660000,1.233000,1.412000,60.780998,2.465000,19.945000,98.000000,99.000000
821,26701.000,20.003000,0.043000,0.010000,0.967000,-0.420000,-0.350000,28.559999,1.428000,1.424000,61.341999,2.859000,20.004000,98.000000,100.000000
822,26720.000,20.003000,0.061000,0.011000,0.942000,0.000000,-0.910000,30.309999,1.558000,1.244000,61.942001,3.117000,18.802000,98.000000,99.000000
823,26740.000,20.004000,0.043000,-0.031000,0.911000,-0.350000,17.780001,29.120001,1.296000,1.618000,62.534000,2.596000,19.551001,98.000000,99.000000
824,26760.000,20.014999,0.042000,0.021000,0.973000,-0.770000,-0.210000,28.490000,1.486000,1.610000,63.094002,2.979000,21.289000,98.000000,100.000000
825,26780.000,20.003000,0.036000,0.010000,0.964000,-0.840000,-1.260000,29.400000,1.664000,1.653000,63.674000,3.336000,21.697001,98.000000,100.000000
826,26800.000,20.017000,0.054000,-0.025000,0.944000,-3.640000,-0.560000,28.280001,1.374000,1.520000,64.248001,2.785000,20.695999,98.000000,100.000000
827,26820.000,20.007999,0.064000,0.017000,0.989000,-3.150000,-1.330000,28.559999,1.460000,1.349000,64.811996,2.952000,19.576000,98.000000,99.000000
828,26840.000,20.016001,0.058000,0.009000,1.012000,-1.400000,-2.310000,29.959999,1.592000,1.176000,65.403000,3.199000,18.462000,98.000000,99.000000
829,26859.000,20.004999,0.053000,-0.017000,0.987000,-2.800000,-2.590000,28.139999,1.286000,1.069000,65.977997,2.600000,17.740000,98.000000,98.000000
830,26879.000,20.044001,0.054000,0.020000,1.011000,-1.120000,-1.820000,28.770000,1.463000,1.027000,66.542999,2.937000,17.374001,98.000000,98.000000
831,26899.000,20.009001,0.061000,-0.006000,1.011000,-1.120000,-2.800000,28.629999,1.395000,0.747000,67.117996,2.802000,15.507000,98.000000,97.000000
832,26919.000,20.009001,0.057000,0.007000,1.003000,-1.540000,-3.220000,28.840000,1.561000,0.691000,67.682999,3.137000,15.158000,98.000000,97.000000
833,26939.000,20.007999,0.049000,0.023000,1.003000,-4.410000,-3.290000,29.049999,1.654000,0.705000,68.251999,3.353000,15.267000,98.000000,97.000000
834,26959.000,20.016001,0.039000,-0.004000,1.000000,-4.130000,-3.780000,29.680000,1.517000,0.860000,68.848000,3.074000,16.396999,98.000000,98.000000
835,26979.000,20.017000,0.039000,0.001000,0.985000,-6.860000,-3.290000,28.629999,1.425000,1.013000,69.417000,2.920000,17.417999,98.000000,98.000000
836,26998.000,20.014999,0.045000,0.005000,1.002000,-7.770000,-3.430000,29.540001,1.426000,1.081000,70.000000,2.930000,17.909000,98.000000,98.000000
837,27018.000,20.004999,0.037000,-0.015000,0.995000,-7.700000,-4.550000,29.610001,1.120000,1.189000,70.598999,2.318000,18.781000,98.000000,99.000000
838,27038.000,20.010000,0.038000,-0.006000,0.974000,-9.940000,-3.920000,29.120001,1.000000,1.321000,71.178001,2.099000,19.639000,98.000000,99.000000
839,27058.000,20.016001,0.048000,-0.001000,0.962000,-9.380000,-3.570000,28.840000,1.009000,1.213000,71.746002,2.113000,18.851000,98.000000,99.000000
840,27078.000,20.006001,0.037000,-0.011000,0.971000,-8.400000,-3.780000,28.840000,0.856000,1.371000,72.321999,1.797000,19.978001,99.000000,99.000000
841,27098.000,20.004999,0.032000,-0.003000,0.969000,-7.700000,-2.940000,26.950001,0.841000,1.482000,72.855003,1.759000,20.667999,99.000000,100.000000
842,27117.000,20.017000,0.048000,-0.003000,0.966000,-3.850000,-3.430000,27.440001,0.952000,1.336000,73.394997,1.942000,19.693001,99.000000,99.000000
843,27137.000,20.016001,0.018000,0.013000,0.976000,1.050000,-2.800000,26.320000,1.108000,1.451000,73.916000,2.205000,20.438000,98.000000,100.000000
844,27157.000,20.002001,0.026000,0.002000,0.924000,5.110000,-3.570000,26.459999,1.332000,1.562000,74.440002,2.613000,21.291000,98.000000,100.000000
845,27177.000,20.014999,0.001000,-0.003000,0.907000,9.380000,-2.240000,26.879999,1.521000,1.748000,74.977997,2.948000,22.462999,98.000000,101.000000
846,27197.000,20.002001,0.005000,0.004000,0.921000,11.060000,-1.120000,25.900000,1.784000,1.948000,75.494003,3.457000,23.747999,98.000000,101.000000
847,27217.000,20.016001,0.016000,-0.003000,0.909000,12.810000,-1.960000,26.389999,1.986000,2.134000,76.024002,3.843000,25.135000,98.000000,102.000000
848,27236.000,20.000999,0.028000,-0.002000,0.899000,13.930000,-1.680000,28.350000,2.032000,2.181000,76.598000,3.924000,25.431999,98.000000,102.000000
849,27256.000,20.028999,0.011000,0.028000,0.916000,13.510000,-2.030000,29.330000,2.465000,2.275000,77.180000,4.795000,26.127001,97.000000,103.000000
850,27276.000,20.016001,-0.005000,-0.008000,0.968000,13.930000,-1.680000,31.150000,2.613000,2.432000,77.806000,5.086000,27.195000,97.000000,103.000000
851,27296.000,20.004999,-0.004000,-0.008000,0.980000,13.650000,-1.190000,32.200001,2.737000,2.586000,78.454002,5.337000,28.224001,97.000000,104.000000
852,27316.000,20.014999,-0.003000,-0.004000,0.985000,12.530000,-2.100000,32.759998,2.839000,2.720000,79.112000,5.553000,29.250000,97.000000,104.000000
853,27336.000,20.014000,0.019000,-0.011000,1.021000,9.450000,-3.710000,34.369999,2.785000,2.666000,79.803001,5.476000,29.030001,97.000000,104.000000
854,27355.000,20.002001,0.025000,-0.019000,1.017000,8.050000,-3.500000,35.139999,2.700000,2.580000,80.511002,5.319000,28.412001,97.000000,104.000000
855,27375.000,20.002001,0.015000,0.012000,1.076000,6.020000,-4.830000,35.139999,2.717000,2.685000,81.213997,5.373000,29.277000,97.000000,104.000000
856,27395.000,20.006001,0.009000,-0.031000,1.105000,4.270000,-6.230000,36.470001,2.568000,2.625000,81.946999,5.093000,28.996000,97.000000,104.000000
857,27415.000,20.011000,0.021000,-0.014000,1.076000,-0.420000,-8.190000,36.049999,2.316000,2.496000,82.671997,4.636000,28.291000,97.000000,104.000000
858,27435.000,20.007000,0.030000,-0.442000,2.704000,-1300.530029,1349.180054,527.030029,-22.481001,29.841999,87.283997,-31.955999,83.977997,115.000000,131.000000
859,27455.000,20.004999,-3.997000,-2.548000,3.488000,-31.570000,-204.050003,-343.209991,-25.054001,23.392000,82.450996,-49.792000,194.147995,124.000000,180.000000
860,27475.000,20.011000,-0.927000,-0.401000,3.806000,521.429993,-43.259998,-112.910004,-15.031000,21.704000,80.650002,-35.277000,166.253006,117.000000,173.000000
861,27494.000,20.004000,-1.206000,1.443000,3.011000,129.220001,-183.679993,13.370000,-11.869000,18.267000,81.992996,-25.030001,156.238007,112.000000,168.000000
862,27514.000,20.006001,-0.654000,3.179000,-0.982000,46.340000,-18.270000,-35.209999,-10.876000,17.827999,81.425003,-22.216000,136.619995,111.000000,158.000000
863,27534.000,20.004000,-1.609000,-0.469000,1.006000,-12.950000,44.450001,120.260002,-10.615000,19.436001,83.640999,-21.101000,141.604996,110.000000,160.000000
864,27554.000,20.006001,-0.981000,-1.097000,2.774000,-108.290001,42.139999,-43.330002,-13.290000,20.118000,82.500000,-25.497000,146.613998,112.000000,163.000000
865,27574.000,20.011000,0.072000,0.438000,0.599000,11.130000,2.870000,78.400002,-12.416000,20.500999,84.125000,-24.944000,153.218994,112.000000,166.000000
866,27594.000,20.010000,-0.194000,-0.767000,0.886000,87.290001,18.760000,46.830002,-10.655000,21.035999,84.918999,-22.181999,155.378006,111.000000,167.000000
867,27613.000,20.004999,-0.097000,-0.705000,1.029000,48.230000,8.330000,16.030001,-9.817000,21.160000,85.148003,-20.115999,157.285995,110.000000,168.000000
868,27633.000,20.018999,0.107000,0.720000,0.901000,77.629997,-5.600000,55.720001,-7.704000,21.179001,86.377998,-16.184999,158.813004,108.000000,169.000000
869,27653.000,20.003000,-0.107000,-0.342000,0.654000,98.910004,-7.770000,43.610001,-5.673000,21.059999,87.238998,-12.335000,158.199997,106.000000,169.000000
870,27673.000,20.003000,-1.129000,-0.024000,0.330000,-45.500000,-54.529999,-2.100000,-6.546000,20.197001,87.350998,-12.638000,156.830002,106.000000,168.000000
871,27693.000,20.004000,0.385000,0.561000,0.917000,350.980011,-90.370003,124.320000,1.351000,18.441000,90.098000,-0.809000,148.126007,100.000000,164.000000
872,27713.000,20.004000,-0.640000,-0.936000,1.325000,57.259998,45.990002,10.780000,2.327000,19.429001,90.265999,4.082000,141.404999,97.000000,160.000000
873,27732.000,20.014000,-1.088000,-0.021000,1.133000,-141.679993,56.419998,13.020000,-0.445000,20.782000,90.511002,0.526000,149.830994,99.000000,164.000000
874,27752.000,20.006001,-0.727000,0.111000,0.901000,46.060001,-12.390000,46.970001,0.834000,20.771000,91.522003,1.207000,156.636002,99.000000,168.000000
875,27772.000,20.011000,-0.642000,-0.427000,1.688000,83.510002,-32.549999,29.610001,2.452000,20.191999,92.075996,4.070000,154.598007,97.000000,167.000000
876,27792.000,20.013000,-0.087000,-0.132000,0.397000,6.720000,19.740000,1.890000,2.365000,20.542999,92.055000,4.663000,151.826996,97.000000,165.000000
877,27812.000,20.017000,0.462000,-0.179000,0.195000,51.590000,-49.980000,46.270000,3.577000,19.318001,92.972000,6.638000,150.225998,96.000000,165.000000
src_seq,t_ms,dt_ms,ax,ay,az,gx,gy,gz,roll,pitch,yaw,pid_roll,pid_pitch,sv1,sv3
878,27832.000,20.004999,-0.055000,-1.123000,0.389000,20.160000,29.260000,-69.019997,3.363000,19.934999,91.495003,6.524000,146.621994,96.000000,163.000000
879,27852.000,20.010000,-0.945000,-0.185000,0.007000,44.310001,28.070000,40.110001,4.443000,20.684999,92.339996,8.442000,151.990005,95.000000,165.000000
880,27871.000,20.002001,0.137000,1.000000,0.586000,27.090000,17.639999,15.330000,5.310000,20.951000,92.744003,10.348000,154.891006,94.000000,167.000000
881,27891.000,20.004000,-0.144000,1.728000,-2.231000,161.770004,88.690002,21.420000,8.957000,22.760000,93.432999,16.297001,160.449997,91.000000,170.000000
882,27911.000,20.010000,-0.031000,0.779000,-0.878000,224.279999,52.709999,-26.600000,13.548000,23.951000,93.137001,24.853001,172.389008,87.000000,176.000000
883,27931.000,20.003000,-1.760000,-0.577000,2.317000,-147.279999,-13.370000,5.320000,10.441000,23.820000,93.132004,22.354000,178.076996,88.000000,179.000000
884,27951.000,20.003000,-1.108000,0.224000,0.503000,-13.930000,-38.990002,53.130001,10.529000,23.104000,94.134003,21.198000,175.626999,89.000000,177.000000
885,27971.000,20.004999,-0.435000,-0.209000,1.504000,-51.029999,37.660000,-32.480000,9.083000,23.907000,93.486000,18.676001,173.580002,90.000000,176.000000
886,27990.000,20.004999,-0.354000,-0.943000,1.213000,-48.299999,-2.450000,56.209999,8.275000,23.715000,94.584000,17.034000,176.251999,91.000000,178.000000
887,28010.000,20.004000,-0.458000,-0.947000,1.484000,-81.410004,-122.010002,-24.290001,6.169000,21.325001,93.750999,13.152000,171.473007,93.000000,175.000000
888,28030.000,20.000999,-0.259000,-0.297000,0.229000,-74.480003,-12.390000,21.350000,4.601000,21.166000,94.117996,9.946000,159.404007,95.000000,169.000000
889,28050.000,20.004999,-0.857000,-0.457000,0.248000,-34.090000,16.240000,-13.090000,3.716000,21.691999,93.820000,7.774000,160.222000,96.000000,170.000000
890,28070.000,20.002001,-1.327000,-0.221000,1.897000,-115.709999,37.590000,18.480000,1.438000,22.643000,94.188004,4.033000,164.740997,97.000000,172.000000
891,28090.000,20.002001,-0.050000,-0.043000,0.861000,-17.709999,3.150000,-7.910000,0.993000,22.489000,94.009003,2.163000,167.106003,98.000000,173.000000
892,28109.000,20.000999,-0.613000,0.338000,1.890000,-141.259995,15.820000,-17.500000,-1.712000,22.784000,93.704002,-2.011000,167.903000,101.000000,173.000000
893,28129.000,20.011999,-0.887000,1.017000,-2.134000,-102.129997,-87.779999,36.259998,-3.358000,21.285999,94.639000,-5.694000,167.783005,102.000000,173.000000
894,28149.000,20.017000,0.215000,0.130000,-0.297000,23.100000,18.129999,-13.370000,-2.846000,21.474001,94.369003,-5.922000,158.503006,102.000000,169.000000
895,28169.000,20.013000,0.006000,0.326000,-1.030000,45.009998,4.900000,-33.599998,-2.012000,21.702000,93.704002,-4.474000,161.423004,102.000000,170.000000
896,28189.000,20.010000,-0.378000,0.586000,0.321000,27.020000,-71.610001,-8.610000,-1.279000,20.356001,93.681000,-2.829000,159.654999,101.000000,169.000000
897,28209.000,20.010000,-0.088000,1.004000,-0.606000,2.800000,-50.049999,-12.530000,-1.050000,19.405001,93.539001,-2.129000,150.837997,101.000000,165.000000
898,28228.000,20.011000,-0.137000,0.488000,-0.052000,-50.119999,-1.050000,8.750000,-1.778000,19.462999,93.780998,-3.054000,146.343002,101.000000,163.000000
899,28248.000,20.000999,-1.088000,0.068000,2.252000,-67.900002,37.310001,-32.759998,-3.240000,20.361000,93.067001,-5.800000,148.794998,102.000000,164.000000
900,28268.000,20.009001,-0.202000,-0.122000,0.102000,2.240000,35.770000,-3.500000,-3.367000,21.249001,92.890999,-6.757000,155.166000,103.000000,167.000000
901,28288.000,20.007000,-0.318000,-0.148000,0.749000,65.589996,-28.629999,1.540000,-2.196000,20.837000,92.924004,-5.049000,158.723999,102.000000,169.000000
902,28308.000,20.007999,-1.388000,0.432000,1.927000,42.349998,-5.740000,-3.290000,-1.229000,20.900999,92.903999,-2.882000,156.882004,101.000000,168.000000
903,28328.000,20.013000,-0.524000,-0.296000,1.200000,2.240000,22.190001,15.890000,-1.292000,21.482000,93.153999,-2.606000,158.158005,101.000000,169.000000
904,28348.000,20.004999,0.152000,-0.070000,0.711000,0.630000,-30.450001,-29.820000,-1.471000,20.622999,92.559998,-2.949000,157.403000,101.000000,168.000000
src_seq,t_ms,dt_ms,ax,ay,az,gx,gy,gz,roll,pitch,yaw,pid_roll,pid_pitch,sv1,sv3
905,28367.000,20.011999,-0.800000,-0.365000,2.173000,58.660000,14.630000,-10.710000,-0.570000,21.018999,92.264999,-1.726000,155.669006,100.000000,167.000000
906,28387.000,20.007000,-0.541000,-0.483000,0.983000,-10.500000,-5.320000,24.150000,-0.842000,21.035999,92.711998,-1.578000,157.785004,100.000000,168.000000
907,28407.000,20.002001,-0.479000,-0.237000,1.130000,12.670000,0.770000,-5.320000,-0.816000,21.173000,92.543999,-1.758000,158.132004,100.000000,169.000000
910,28467.000,20.017000,-0.305000,-0.521000,0.317000,71.610001,-6.930000,23.520000,0.428000,21.676001,93.250000,0.140000,162.423004,99.000000,171.000000
911,28486.000,20.000999,-0.432000,-0.110000,0.954000,14.770000,-16.799999,-15.330000,0.494000,21.514000,92.897003,0.840000,162.274994,99.000000,171.000000
912,28506.000,20.007999,-1.211000,-0.003000,0.579000,34.230000,-0.280000,7.700000,1.230000,21.731001,93.059998,2.117000,162.145996,98.000000,171.000000
913,28526.000,20.000999,-0.170000,0.371000,0.503000,-99.400002,9.940000,0.630000,-0.515000,21.937000,93.140999,-0.036000,162.567001,100.000000,171.000000
914,28546.000,20.013000,-0.574000,-0.346000,0.907000,-20.650000,-20.299999,-11.830000,-1.177000,21.666000,92.857002,-2.147000,163.690002,101.000000,171.000000
915,28566.000,20.014000,-0.675000,-0.024000,1.549000,1.260000,6.510000,2.730000,-1.065000,22.009001,92.929001,-2.143000,163.412003,101.000000,171.000000
916,28586.000,20.011999,0.236000,-0.080000,1.022000,3.430000,16.520000,-0.770000,-1.019000,22.120001,92.891998,-2.072000,163.190002,101.000000,171.000000
917,28606.000,20.009001,-0.309000,-0.085000,0.787000,6.230000,-5.250000,-10.780000,-1.123000,22.166000,92.621002,-2.309000,165.686005,101.000000,172.000000
918,28625.000,20.011999,-0.756000,-0.070000,0.733000,-3.220000,-1.050000,-0.700000,-1.207000,22.363001,92.601997,-2.383000,166.645996,101.000000,173.000000
919,28645.000,20.014000,-0.280000,-0.041000,0.008000,10.220000,-5.670000,0.350000,-1.034000,22.468000,92.605003,-2.170000,167.843994,101.000000,173.000000
920,28665.000,20.003000,-1.067000,-0.259000,0.573000,-4.270000,6.930000,4.690000,-1.152000,22.823000,92.677002,-2.262000,169.065994,101.000000,174.000000
921,28685.000,20.011000,-0.786000,-0.131000,0.890000,8.260000,0.490000,2.940000,-1.010000,23.049999,92.724998,-2.102000,171.302994,101.000000,175.000000
922,28705.000,20.003000,-0.673000,-0.097000,1.000000,-8.330000,-13.300000,-16.450001,-1.320000,22.983000,92.379997,-2.556000,172.212997,101.000000,176.000000
923,28724.000,20.006001,-0.493000,-0.106000,1.297000,-8.680000,3.710000,2.170000,-1.626000,23.231001,92.374001,-3.164000,172.248993,101.000000,176.000000
924,28744.000,20.010000,-0.014000,-0.249000,1.151000,-8.540000,-10.640000,-2.380000,-1.910000,22.816999,92.304001,-3.735000,170.785004,101.000000,175.000000
925,28764.000,20.017000,-0.418000,-0.209000,1.012000,-7.770000,-8.260000,-1.680000,-2.289000,22.745001,92.210999,-4.500000,170.042999,102.000000,175.000000
926,28784.000,20.003000,-0.541000,-0.039000,1.078000,-2.170000,8.960000,0.000000,-2.285000,23.138000,92.213997,-4.548000,171.072006,102.000000,175.000000
927,28804.000,20.149000,-0.327000,-0.210000,1.068000,3.150000,4.690000,1.610000,-2.443000,23.162001,92.166000,-4.917000,171.662003,102.000000,175.000000
928,28824.000,20.000999,-0.319000,-0.248000,0.930000,-2.940000,-13.300000,-2.730000,-2.755000,22.879999,92.051003,-5.481000,171.492996,102.000000,175.000000
929,28844.000,20.014999,-0.340000,-0.070000,1.003000,-15.260000,-6.580000,-0.140000,-2.834000,22.673000,92.130997,-5.515000,169.365997,102.000000,174.000000
930,28863.000,20.016001,0.068000,-0.226000,1.009000,-12.740000,3.150000,0.770000,-3.165000,22.528999,92.116997,-6.203000,167.391006,103.000000,173.000000
931,28883.000,20.014999,0.035000,-0.182000,1.072000,9.590000,-7.070000,-1.400000,-3.031000,22.172001,92.083000,-6.158000,165.912003,103.000000,172.000000
932,28903.000,20.014999,0.180000,-0.101000,0.946000,7.980000,-2.520000,2.940000,-2.861000,21.909000,92.146004,-5.803000,163.612000,102.000000,171.000000
933,28923.000,20.007000,0.156000,-0.037000,0.884000,-14.280000,10.290000,0.840000,-3.128000,21.898001,92.152000,-6.113000,162.255005,103.000000,171.000000
934,28943.000,20.011999,0.034000,-0.193000,0.934000,-12.880000,2.170000,1.750000,-3.452000,21.735001,92.162003,-6.775000,161.927002,103.000000,170.000000
935,28963.000,20.004000,0.052000,-0.137000,0.943000,8.610000,-19.389999,-4.200000,-3.328000,21.122999,92.099998,-6.743000,159.802002,103.000000,169.000000
936,28983.000,20.013000,0.034000,-0.086000,0.998000,-10.920000,-1.890000,2.380000,-3.529000,20.870001,92.153999,-6.949000,156.281998,103.000000,168.000000
937,29002.000,20.002001,0.013000,-0.176000,0.961000,-4.830000,4.270000,-0.350000,-3.695000,20.742001,92.120003,-7.342000,154.764999,103.000000,167.000000
938,29022.000,20.002001,-0.034000,-0.217000,1.050000,0.910000,-13.650000,1.120000,-3.753000,20.266001,92.144997,-7.515000,153.227997,103.000000,166.000000
939,29042.000,20.003000,0.100000,-0.110000,0.934000,6.160000,-1.050000,0.770000,-3.637000,20.025999,92.158997,-7.335000,150.289993,103.000000,165.000000
940,29062.000,20.002001,0.086000,-0.128000,1.009000,-7.980000,11.690000,-0.140000,-3.824000,20.039000,92.127998,-7.568000,149.100998,103.000000,164.000000
941,29082.000,20.011000,0.031000,-0.207000,0.984000,9.380000,-4.830000,0.000000,-3.712000,19.732000,92.115997,-7.518000,148.608994,103.000000,164.000000
942,29102.000,20.002001,0.125000,-0.031000,0.922000,13.860000,-9.030000,0.000000,-3.395000,19.334999,92.141998,-6.929000,146.246002,103.000000,163.000000
943,29121.000,20.004999,0.176000,-0.093000,0.957000,-13.020000,8.540000,-0.350000,-3.665000,19.283001,92.117996,-7.200000,144.126007,103.000000,162.000000
944,29141.000,20.010000,0.016000,-0.195000,0.986000,-1.470000,1.890000,1.050000,-3.768000,19.112000,92.115997,-7.522000,143.593002,103.000000,161.000000
945,29161.000,20.011999,-0.009000,-0.177000,0.999000,7.630000,-19.320000,-2.450000,-3.687000,18.509001,92.085999,-7.451000,141.492004,103.000000,160.000000
946,29181.000,20.014000,-0.001000,-0.113000,1.072000,-6.440000,-1.820000,-1.750000,-3.833000,18.247000,92.051003,-7.602000,137.908005,103.000000,158.000000
947,29201.000,20.013000,0.011000,-0.193000,1.015000,-7.490000,2.800000,1.050000,-4.055000,18.091999,92.049004,-8.036000,136.365997,104.000000,158.000000
948,29221.000,20.013000,-0.044000,-0.182000,1.046000,20.370001,-10.850000,-1.750000,-3.727000,17.660000,92.015999,-7.658000,134.707993,103.000000,157.000000
949,29241.000,20.011000,0.099000,-0.052000,0.937000,10.220000,-1.890000,1.820000,-3.486000,17.405001,92.063004,-7.074000,132.026001,103.000000,156.000000
950,29260.000,20.002001,0.099000,-0.138000,0.971000,-3.850000,11.410000,0.350000,-3.600000,17.412001,92.041000,-7.162000,130.740997,103.000000,155.000000
951,29280.000,20.007000,0.024000,-0.176000,0.979000,9.730000,-4.340000,0.770000,-3.473000,17.113001,92.047997,-7.043000,130.225006,103.000000,155.000000
952,29300.000,20.004000,0.158000,-0.092000,0.921000,11.620000,-12.880000,-1.610000,-3.247000,16.629999,92.037003,-6.609000,127.697998,103.000000,153.000000
953,29320.000,20.011000,0.177000,-0.066000,0.974000,-9.100000,4.970000,-0.980000,-3.423000,16.504000,92.011002,-6.756000,125.030998,103.000000,152.000000
954,29340.000,20.007999,0.007000,-0.197000,1.006000,-2.100000,1.120000,1.610000,-3.556000,16.323999,92.021004,-7.091000,124.154999,103.000000,152.000000
955,29360.000,20.011999,-0.001000,-0.185000,1.031000,8.820000,-19.250000,-3.710000,-3.473000,15.723000,91.962997,-7.035000,121.987999,103.000000,150.000000
956,29380.000,20.011000,-0.030000,-0.095000,1.016000,-7.910000,-0.980000,-0.280000,-3.633000,15.479000,91.959000,-7.188000,118.447998,103.000000,149.000000
957,29399.000,20.000999,0.035000,-0.178000,1.008000,-3.010000,3.990000,0.280000,-3.769000,15.345000,91.943001,-7.509000,117.013000,103.000000,148.000000
958,29419.000,20.004000,-0.057000,-0.175000,1.033000,19.320000,-11.690000,-0.630000,-3.484000,14.907000,91.931999,-7.162000,115.518997,103.000000,147.000000
959,29439.000,20.007000,0.115000,-0.067000,0.918000,12.950000,-2.380000,0.560000,-3.208000,14.636000,91.948997,-6.546000,112.692001,103.000000,146.000000
960,29459.000,20.004000,0.129000,-0.101000,0.967000,-5.670000,11.270000,2.030000,-3.330000,14.639000,91.968002,-6.604000,111.347000,103.000000,145.000000
961,29479.000,20.011000,0.010000,-0.176000,0.951000,9.590000,-4.760000,-0.140000,-3.238000,14.339000,91.955002,-6.571000,110.849998,103.000000,145.000000
962,29499.000,20.004000,0.154000,-0.074000,0.886000,13.370000,-10.780000,-0.770000,-2.967000,13.897000,91.959000,-6.067000,108.360001,103.000000,144.000000
963,29518.000,20.014999,0.174000,-0.076000,0.980000,-12.670000,4.480000,-0.490000,-3.220000,13.760000,91.942001,-6.313000,105.873001,103.000000,142.000000
964,29538.000,20.007000,0.029000,-0.180000,1.014000,-2.660000,1.120000,1.190000,-3.364000,13.577000,91.947998,-6.701000,104.926003,103.000000,142.000000
965,29558.000,20.000999,-0.016000,-0.185000,1.038000,6.440000,-21.559999,-3.150000,-3.354000,12.944000,91.904999,-6.773000,102.764999,103.000000,141.000000
966,29578.000,20.010000,-0.026000,-0.079000,1.033000,-10.360000,-1.330000,-0.350000,-3.539000,12.692000,91.903999,-6.974000,98.975998,103.000000,139.000000
967,29598.000,20.009001,0.055000,-0.159000,0.999000,-10.990000,6.230000,1.540000,-3.825000,12.602000,91.913002,-7.540000,97.589996,103.000000,138.000000
968,29618.000,20.003000,-0.021000,-0.135000,0.980000,16.240000,-10.010000,-0.420000,-3.566000,12.184000,91.914001,-7.295000,96.289001,103.000000,138.000000
969,29638.000,20.017000,0.136000,-0.059000,0.948000,7.840000,-1.470000,0.770000,-3.382000,11.931000,91.934998,-6.842000,93.663002,103.000000,136.000000
970,29657.000,20.000999,0.126000,-0.101000,0.909000,-7.140000,10.010000,2.170000,-3.538000,11.908000,91.958000,-7.005000,92.351997,103.000000,136.000000
971,29677.000,20.009001,0.007000,-0.160000,0.945000,4.900000,-4.550000,-0.630000,-3.547000,11.613000,91.940002,-7.143000,91.745003,103.000000,135.000000
972,29697.000,20.003000,0.151000,-0.081000,0.908000,8.050000,-13.300000,-2.310000,-3.385000,11.117000,91.917999,-6.851000,89.146004,103.000000,134.000000
973,29717.000,20.010000,0.152000,-0.113000,1.000000,-14.490000,5.040000,-0.070000,-3.695000,10.990000,91.904999,-7.244000,86.425003,103.000000,133.000000
974,29737.000,20.011000,0.053000,-0.162000,0.990000,-4.340000,1.890000,1.050000,-3.861000,10.816000,91.913002,-7.679000,85.523003,103.000000,132.000000
975,29757.000,20.003000,-0.026000,-0.181000,1.047000,4.130000,-20.790001,-3.220000,-3.923000,10.215000,91.874001,-7.887000,83.584000,103.000000,131.000000
976,29777.000,20.000999,0.017000,-0.085000,1.045000,-6.790000,-2.450000,-1.400000,-4.027000,9.938000,91.853996,-7.986000,79.814003,103.000000,129.000000
977,29796.000,20.000999,0.028000,-0.162000,1.031000,-6.510000,6.440000,2.660000,-4.242000,9.861000,91.885002,-8.419000,78.383003,104.000000,129.000000
978,29816.000,20.004999,-0.002000,-0.144000,0.939000,14.630000,-8.120000,17.010000,-4.012000,9.528000,92.232002,-8.171000,77.504997,104.000000,128.000000
979,29836.000,20.007999,0.127000,-0.053000,0.955000,7.490000,-1.680000,0.980000,-3.815000,9.273000,92.259003,-7.706000,75.078003,103.000000,127.000000
980,29856.000,20.017000,0.131000,-0.111000,0.899000,-6.650000,10.360000,1.470000,-3.972000,9.255000,92.265999,-7.877000,73.747002,103.000000,126.000000
981,29876.000,20.013000,0.014000,-0.153000,0.954000,6.510000,-4.200000,0.210000,-3.951000,8.971000,92.267998,-7.968000,73.216003,103.000000,126.000000
982,29896.000,20.007000,0.150000,-0.095000,0.904000,9.380000,-12.600000,-1.750000,-3.768000,8.488000,92.258003,-7.630000,70.678001,103.000000,125.000000
983,29916.000,20.014999,0.134000,-0.132000,1.022000,-11.830000,4.270000,0.350000,-4.039000,8.348000,92.253998,-7.959000,68.007004,103.000000,124.000000
984,29935.000,20.009001,0.055000,-0.168000,0.981000,-4.690000,1.960000,0.420000,-4.238000,8.184000,92.250999,-8.429000,67.093002,104.000000,123.000000
985,29955.000,20.003000,-0.036000,-0.192000,1.088000,6.020000,-19.879999,-3.220000,-4.319000,7.669000,92.213997,-8.698000,65.671997,104.000000,122.000000
986,29975.000,20.007999,0.036000,-0.095000,1.068000,-5.320000,-2.450000,-2.030000,-4.386000,7.391000,92.181999,-8.719000,61.984001,104.000000,120.000000
987,29995.000,20.027000,0.037000,-0.173000,1.024000,-2.520000,6.230000,1.050000,-4.558000,7.323000,92.181999,-9.091000,60.640999,104.000000,120.000000
988,30015.000,20.007000,0.008000,-0.122000,0.891000,16.730000,-7.770000,0.980000,-4.304000,6.957000,92.212997,-8.776000,59.479000,104.000000,119.000000
989,30035.000,20.000999,0.127000,-0.049000,0.921000,8.960000,-1.330000,-0.070000,-4.063000,6.711000,92.218002,-8.215000,57.110001,104.000000,118.000000
990,30054.000,20.014999,0.124000,-0.093000,0.881000,-6.440000,11.060000,2.380000,-4.194000,6.707000,92.241997,-8.324000,55.842999,104.000000,117.000000
991,30074.000,20.011000,0.013000,-0.186000,0.958000,5.530000,-4.200000,0.140000,-4.272000,6.494000,92.245003,-8.599000,55.877998,104.000000,117.000000
992,30094.000,20.027000,0.141000,-0.078000,0.882000,7.770000,-13.160000,-1.330000,-4.097000,6.001000,92.247002,-8.271000,53.325001,104.000000,116.000000
993,30114.000,20.014000,0.117000,-0.128000,1.047000,-10.290000,2.800000,0.070000,-4.331000,5.830000,92.241997,-8.560000,50.528999,104.000000,115.000000
994,30134.000,20.006001,0.029000,-0.160000,0.985000,-3.430000,1.680000,1.120000,-4.551000,5.694000,92.255997,-9.068000,49.693001,104.000000,114.000000
995,30154.000,20.009001,-0.035000,-0.188000,1.063000,7.700000,-19.180000,-2.870000,-4.625000,5.319000,92.235001,-9.327000,49.152000,104.000000,114.000000
996,30174.000,20.007999,-0.007000,-0.081000,1.054000,-6.860000,-2.590000,-1.890000,-4.556000,5.169000,92.208000,-9.043000,46.438999,104.000000,113.000000
997,30193.000,20.007999,0.038000,-0.182000,1.025000,-7.210000,6.300000,2.100000,-4.873000,5.150000,92.232002,-9.674000,45.417999,104.000000,112.000000
998,30213.000,20.011999,0.014000,-0.115000,0.891000,17.430000,-7.700000,-0.210000,-4.596000,4.779000,92.242996,-9.367000,44.222000,104.000000,112.000000
999,30233.000,20.013000,0.102000,-0.045000,0.929000,10.360000,-1.330000,0.000000,-4.284000,4.549000,92.247002,-8.671000,41.978001,104.000000,110.000000
1000,30253.000,20.014999,0.126000,-0.080000,0.859000,-8.820000,10.220000,2.100000,-4.440000,4.529000,92.266998,-8.792000,40.679001,104.000000,110.000000
1001,30273.000,20.007000,0.000000,-0.159000,0.979000,4.200000,-3.360000,0.350000,-4.581000,4.425000,92.279999,-9.203000,41.307999,104.000000,110.000000
1002,30293.000,20.011000,0.135000,-0.067000,0.906000,8.890000,-10.990000,-2.870000,-4.349000,3.977000,92.247002,-8.787000,38.938999,104.000000,109.000000
1003,30312.000,20.009001,0.097000,-0.120000,1.065000,-10.360000,3.010000,0.000000,-4.570000,3.808000,92.240997,-9.036000,36.355999,104.000000,108.000000
1004,30332.000,20.003000,0.047000,-0.148000,0.980000,-3.010000,2.940000,1.120000,-4.783000,3.700000,92.257004,-9.537000,35.605000,104.000000,107.000000
1005,30352.000,20.041000,-0.029000,-0.180000,1.063000,8.330000,-18.410000,-3.570000,-4.811000,3.446000,92.230003,-9.705000,35.962002,104.000000,107.000000
1006,30372.000,20.009001,0.025000,-0.088000,1.045000,-6.650000,-2.450000,-1.330000,-4.733000,3.306000,92.207001,-9.400000,33.383999,104.000000,106.000000
1007,30392.000,20.014999,0.014000,-0.147000,0.972000,-7.280000,8.540000,0.420000,-5.106000,3.467000,92.197998,-10.140000,33.411999,105.000000,106.000000
1008,30412.000,20.016001,-0.012000,-0.112000,0.910000,15.400000,-10.010000,0.910000,-4.814000,3.499000,92.239998,-9.782000,35.491001,104.000000,107.000000
1009,30432.000,20.006001,0.137000,-0.041000,0.920000,7.700000,-1.820000,-0.630000,-4.556000,3.257000,92.230003,-9.188000,32.981998,104.000000,106.000000
1010,30451.000,20.013000,0.124000,-0.096000,0.880000,-9.520000,11.060000,1.610000,-4.742000,3.251000,92.237999,-9.389000,31.653999,104.000000,105.000000
1011,30471.000,20.007000,0.017000,-0.162000,0.989000,4.690000,-4.270000,0.560000,-4.876000,3.154000,92.262001,-9.799000,32.507999,104.000000,106.000000
1012,30491.000,20.014000,0.158000,-0.096000,0.901000,9.590000,-12.740000,-2.940000,-4.669000,2.666000,92.232002,-9.434000,29.934999,104.000000,104.000000
1013,30511.000,20.014000,0.095000,-0.097000,1.041000,-10.220000,2.590000,1.190000,-4.808000,2.501000,92.248001,-9.513000,27.246000,104.000000,103.000000
1014,30531.000,20.017000,0.040000,-0.159000,0.989000,-2.800000,3.010000,-0.140000,-5.082000,2.496000,92.245003,-10.136000,27.174000,105.000000,103.000000
1015,30551.000,20.014000,-0.053000,-0.183000,1.082000,5.950000,-19.600000,-3.360000,-5.085000,2.293000,92.227997,-10.229000,28.007999,105.000000,104.000000
1016,30571.000,20.017000,0.013000,-0.081000,1.052000,-6.580000,-1.750000,-1.540000,-5.007000,2.344000,92.195000,-9.948000,26.584999,104.000000,103.000000
1017,30590.000,20.003000,-0.004000,-0.195000,1.038000,-8.680000,7.000000,0.700000,-5.385000,2.586000,92.197998,-10.683000,27.400000,105.000000,103.000000
1018,30610.000,20.006001,-0.002000,-0.130000,0.904000,16.309999,-8.540000,0.140000,-5.183000,2.610000,92.224998,-10.528000,29.121000,105.000000,104.000000
1019,30630.000,20.011000,0.129000,-0.057000,0.948000,10.220000,-0.910000,0.560000,-4.867000,2.393000,92.235001,-9.836000,26.841000,104.000000,103.000000
1020,30650.000,20.009001,0.120000,-0.092000,0.888000,-8.540000,11.200000,1.960000,-5.010000,2.392000,92.247002,-9.935000,25.627001,104.000000,102.000000
1021,30670.000,20.011000,0.002000,-0.170000,0.992000,5.180000,-3.850000,0.770000,-5.109000,2.424000,92.278000,-10.271000,27.351999,105.000000,103.000000
1022,30690.000,20.000999,0.134000,-0.093000,0.907000,11.340000,-10.780000,-1.330000,-4.848000,1.980000,92.275002,-9.809000,24.938999,104.000000,102.000000
1023,30710.000,20.006001,0.077000,-0.120000,1.054000,-11.690000,2.590000,-0.910000,-5.062000,1.801000,92.250999,-10.008000,22.349001,105.000000,101.000000
1024,30729.000,20.009001,0.038000,-0.170000,0.978000,-3.010000,2.940000,1.260000,-5.351000,1.865000,92.277000,-10.672000,22.763000,105.000000,101.000000
1025,30749.000,20.003000,-0.045000,-0.181000,1.046000,7.210000,-35.840000,-3.150000,-5.323000,1.345000,92.307999,-10.718000,22.996000,105.000000,101.000000
1026,30769.000,20.009001,0.003000,-0.080000,1.051000,-6.160000,-2.170000,-1.890000,-5.277000,1.451000,92.267998,-10.493000,20.375000,105.000000,100.000000
1027,30789.000,20.007000,0.020000,-0.191000,1.014000,-9.030000,5.320000,1.190000,-5.670000,1.645000,92.288002,-11.250000,20.983000,105.000000,100.000000
1028,30809.000,20.004999,0.015000,-0.122000,0.879000,13.440000,-7.840000,-0.210000,-5.465000,1.709000,92.306999,-11.065000,22.749001,105.000000,101.000000
1029,30829.000,20.004999,0.149000,-0.066000,0.947000,9.590000,-0.910000,-0.070000,-5.173000,1.485000,92.303001,-10.442000,20.486000,105.000000,100.000000
1030,30848.000,20.013000,0.131000,-0.079000,0.910000,-7.350000,11.690000,2.800000,-5.245000,1.508000,92.327003,-10.416000,19.385000,105.000000,99.000000
1031,30868.000,20.004999,0.017000,-0.154000,0.970000,4.760000,-4.620000,0.350000,-5.331000,1.558000,92.352997,-10.709000,21.365000,105.000000,100.000000
1032,30888.000,20.004000,0.147000,-0.082000,0.892000,11.830000,-13.160000,-2.800000,-5.032000,1.069000,92.325996,-10.183000,18.796000,105.000000,99.000000
1033,30908.000,20.011999,0.091000,-0.101000,1.040000,-10.990000,2.240000,-16.940001,-5.111000,0.879000,91.977997,-10.111000,15.930000,105.000000,97.000000
1034,30928.000,20.003000,0.034000,-0.171000,0.989000,-2.800000,3.500000,-0.420000,-5.376000,1.037000,91.972000,-10.724000,16.908001,105.000000,98.000000
1035,30948.000,20.011000,-0.031000,-0.173000,1.050000,8.400000,-18.690001,-2.310000,-5.305000,0.868000,91.977997,-10.695000,17.944000,105.000000,98.000000
1036,30968.000,20.014999,0.046000,-0.064000,1.047000,-6.860000,-3.080000,-2.730000,-5.216000,0.839000,91.918999,-10.363000,16.181999,105.000000,98.000000
1037,30987.000,20.011999,0.018000,-0.212000,1.035000,-9.100000,7.700000,1.680000,-5.604000,1.097000,91.944000,-11.117000,16.906000,105.000000,98.000000
1038,31007.000,20.016001,-0.023000,-0.144000,0.893000,15.680000,-9.520000,0.700000,-5.377000,1.122000,91.987000,-10.912000,18.808001,105.000000,99.000000
1039,31027.000,20.006001,0.167000,-0.060000,0.963000,10.640000,-0.700000,-0.420000,-5.059000,0.904000,91.973999,-10.224000,16.396000,105.000000,98.000000
1040,31047.000,20.004000,0.161000,-0.078000,0.853000,-11.900000,9.870000,1.750000,-5.250000,0.880000,91.983002,-10.381000,15.171000,105.000000,97.000000
1041,31067.000,20.002001,0.037000,-0.137000,0.918000,4.830000,-2.170000,0.070000,-5.349000,0.955000,92.000000,-10.747000,16.903999,105.000000,98.000000
1042,31087.000,20.006001,0.126000,-0.071000,0.904000,9.380000,-15.610000,-1.680000,-5.053000,0.440000,91.999001,-10.200000,14.639000,105.000000,97.000000
1043,31106.000,20.017000,0.086000,-0.132000,0.997000,-6.580000,0.070000,1.050000,-5.297000,0.245000,92.027000,-10.528000,11.706000,105.000000,95.000000
1044,31126.000,20.013000,0.057000,-0.133000,0.966000,-3.290000,3.710000,0.630000,-5.563000,0.431000,92.042999,-11.093000,12.643000,105.000000,96.000000
1045,31146.000,20.014999,-0.035000,-0.204000,1.086000,8.610000,-18.969999,-2.940000,-5.510000,0.242000,92.041000,-11.106000,13.593000,105.000000,96.000000
1046,31166.000,20.007000,0.071000,-0.163000,1.166000,-3.850000,-3.290000,-1.960000,-5.790000,0.274000,92.024002,-11.541000,12.248000,105.000000,96.000000
1047,31186.000,20.011000,0.089000,-0.159000,1.019000,-7.770000,10.850000,0.420000,-6.112000,0.338000,92.014000,-12.147000,11.280000,106.000000,95.000000
1048,31206.000,20.004000,0.091000,-0.181000,1.002000,7.280000,-6.790000,0.420000,-6.162000,0.087000,92.054001,-12.398000,11.288000,106.000000,95.000000
1049,31225.000,20.007999,0.234000,-0.116000,0.996000,11.410000,-3.430000,-0.700000,-5.902000,-0.209000,92.046997,-11.917000,8.877000,105.000000,94.000000
1050,31245.000,20.003000,0.150000,-0.099000,0.914000,-15.470000,7.490000,1.960000,-6.146000,-0.275000,92.060997,-12.137000,7.305000,106.000000,93.000000
1051,31265.000,20.000999,0.032000,-0.148000,0.931000,3.080000,-0.770000,-0.210000,-6.178000,-0.082000,92.066002,-12.386000,9.458000,106.000000,94.000000
1052,31285.000,20.003000,0.117000,-0.063000,0.921000,7.980000,-16.590000,-2.730000,-5.835000,-0.557000,92.042999,-11.750000,7.706000,105.000000,93.000000
1053,31305.000,20.004999,0.059000,-0.084000,0.970000,-9.240000,-1.120000,1.960000,-5.813000,-0.487000,92.068001,-11.534000,6.589000,105.000000,93.000000
1054,31325.000,20.017000,0.009000,-0.147000,0.982000,-4.410000,2.520000,0.350000,-5.953000,-0.213000,92.071999,-11.862000,8.095000,105.000000,94.000000
1055,31345.000,20.002001,-0.012000,-0.207000,1.105000,13.020000,-16.940001,-3.010000,-5.808000,-0.360000,92.067001,-11.747000,8.995000,105.000000,94.000000
1056,31364.000,20.014000,0.069000,-0.188000,1.203000,-1.960000,-4.130000,0.910000,-6.019000,-0.284000,92.108002,-12.018000,8.203000,106.000000,94.000000
1057,31384.000,20.007000,0.079000,-0.137000,0.988000,-8.470000,10.920000,0.910000,-6.277000,-0.275000,92.103996,-12.469000,6.737000,106.000000,93.000000
1058,31404.000,20.000999,0.097000,-0.195000,1.002000,7.560000,-6.720000,-0.560000,-6.339000,-0.490000,92.126999,-12.753000,6.967000,106.000000,93.000000
1059,31424.000,20.011999,0.197000,-0.099000,0.983000,10.710000,-2.520000,-0.980000,-6.048000,-0.759000,92.108002,-12.203000,4.614000,106.000000,92.000000
1060,31444.000,20.006001,0.137000,-0.083000,0.853000,-15.470000,8.260000,1.820000,-6.252000,-0.794000,92.112999,-12.350000,3.218000,106.000000,91.000000
1061,31464.000,20.011999,0.042000,-0.152000,0.956000,1.050000,-0.560000,0.070000,-6.320000,-0.593000,92.123001,-12.650000,5.425000,106.000000,92.000000
1062,31483.000,20.006001,0.108000,-0.124000,0.973000,2.590000,-19.530001,-4.200000,-6.162000,-1.196000,92.085999,-12.349000,3.043000,106.000000,91.000000
1063,31503.000,20.006001,0.109000,-0.099000,0.964000,-8.470000,-0.560000,2.380000,-6.136000,-1.314000,92.116997,-12.187000,0.203000,106.000000,90.000000
1064,31523.000,20.013000,-0.015000,-0.151000,0.992000,-5.180000,2.870000,0.070000,-6.266000,-1.030000,92.112000,-12.480000,1.717000,106.000000,90.000000
1065,31543.000,20.004000,-0.016000,-0.218000,1.096000,14.210000,-17.010000,-2.800000,-6.091000,-1.173000,92.113998,-12.325000,2.598000,106.000000,91.000000
1066,31563.000,20.014000,0.004000,-0.090000,1.144000,4.480000,-3.290000,1.260000,-5.877000,-1.048000,92.137001,-11.798000,1.987000,105.000000,90.000000
1067,31583.000,20.000999,0.112000,-0.127000,0.990000,-8.120000,12.180000,1.890000,-5.974000,-1.021000,92.136002,-11.868000,0.523000,105.000000,90.000000
1068,31603.000,20.013000,-0.010000,-0.188000,1.011000,5.810000,-5.390000,-0.420000,-5.962000,-0.924000,92.151001,-11.982000,2.857000,105.000000,91.000000
1069,31622.000,20.003000,0.142000,-0.066000,0.933000,15.680000,-8.050000,-0.210000,-5.486000,-1.245000,92.153999,-11.129000,0.781000,105.000000,90.000000
1070,31642.000,20.000999,0.121000,-0.094000,1.061000,-16.309999,1.540000,0.140000,-5.611000,-1.323000,92.134003,-11.058000,-0.851000,105.000000,89.000000
1071,31662.000,20.009001,0.021000,-0.198000,0.996000,0.140000,2.240000,1.120000,-5.766000,-1.108000,92.165001,-11.533000,0.455000,105.000000,90.000000
1072,31682.000,20.009001,-0.003000,-0.180000,1.048000,8.190000,-20.020000,-3.500000,-5.688000,-1.303000,92.155998,-11.459000,1.208000,105.000000,90.000000
1073,31702.000,20.004000,-0.028000,-0.046000,1.007000,-10.570000,-2.520000,0.070000,-5.770000,-1.167000,92.152000,-11.434000,0.277000,105.000000,90.000000
1074,31722.000,20.002001,0.036000,-0.203000,1.009000,-10.150000,6.020000,0.980000,-6.150000,-0.899000,92.169998,-12.199000,1.181000,106.000000,90.000000
1075,31741.000,20.002001,-0.024000,-0.133000,0.924000,13.580000,-10.850000,-0.420000,-5.889000,-0.887000,92.193001,-11.913000,2.863000,105.000000,91.000000
1076,31761.000,20.016001,0.137000,-0.048000,0.956000,10.640000,-0.840000,-0.560000,-5.485000,-1.033000,92.167000,-11.076000,0.750000,105.000000,90.000000
1077,31781.000,20.011999,0.131000,-0.106000,0.899000,-9.870000,8.890000,2.800000,-5.645000,-1.075000,92.196999,-11.192000,-0.619000,105.000000,89.000000
1078,31801.000,20.004000,-0.002000,-0.167000,0.991000,3.150000,-3.430000,1.330000,-5.672000,-0.927000,92.239998,-11.375000,1.540000,105.000000,90.000000
1079,31821.000,20.014999,0.156000,-0.092000,0.898000,9.450000,-11.550000,-1.960000,-5.409000,-1.378000,92.223999,-10.912000,-0.900000,105.000000,89.000000
1080,31841.000,20.000999,0.087000,-0.129000,1.087000,-13.020000,0.910000,-0.560000,-5.566000,-1.159000,92.199997,-11.001000,-0.748000,105.000000,89.000000
1081,31860.000,20.016001,0.050000,-0.180000,1.006000,-1.960000,2.310000,1.400000,-5.782000,-0.961000,92.237999,-11.544000,0.383000,105.000000,90.000000
1082,31880.000,20.009001,-0.057000,-0.165000,1.082000,9.940000,-23.170000,-4.340000,-5.611000,-1.205000,92.214996,-11.322000,1.125000,105.000000,90.000000
1083,31900.000,20.007000,0.124000,-0.076000,1.062000,-6.440000,-2.590000,-0.420000,-5.528000,-1.346000,92.194000,-10.992000,-2.037000,105.000000,88.000000
1084,31920.000,20.007000,0.008000,-0.184000,1.068000,-9.590000,8.470000,1.400000,-5.823000,-0.969000,92.209000,-11.550000,-0.641000,105.000000,89.000000
1085,31940.000,20.010000,-0.003000,-0.147000,0.905000,12.110000,-8.400000,-0.910000,-5.650000,-0.920000,92.219002,-11.420000,1.296000,105.000000,90.000000
1086,31960.000,20.007000,0.179000,-0.046000,0.961000,9.170000,-0.700000,-0.420000,-5.319000,-1.111000,92.198997,-10.731000,-0.909000,105.000000,89.000000
1087,31980.000,20.003000,0.135000,-0.092000,0.866000,-9.520000,10.290000,3.150000,-5.453000,-1.120000,92.231003,-10.810000,-2.180000,105.000000,88.000000
1088,31999.000,20.002001,0.051000,-0.144000,0.952000,6.300000,-1.750000,-0.420000,-5.448000,-0.961000,92.237999,-10.959000,0.024000,105.000000,90.000000
1089,32019.000,20.011999,0.144000,-0.081000,0.920000,8.960000,-12.810000,-2.240000,-5.153000,-1.420000,92.214996,-10.396000,-2.176000,105.000000,88.000000
1090,32039.000,20.013000,0.057000,-0.109000,1.056000,-9.240000,1.120000,1.750000,-5.248000,-1.186000,92.237999,-10.404000,-2.073000,105.000000,88.000000
1091,32059.000,20.007000,0.029000,-0.148000,0.951000,-4.340000,3.290000,1.050000,-5.441000,-0.914000,92.260002,-10.838000,-0.505000,105.000000,89.000000
1092,32079.000,20.010000,-0.053000,-0.193000,1.075000,9.520000,-20.650000,-3.360000,-5.331000,-1.118000,92.251999,-10.756000,0.369000,105.000000,90.000000
1093,32099.000,20.007999,0.148000,-0.117000,1.105000,-3.920000,-2.660000,-0.420000,-5.315000,-1.381000,92.241997,-10.591000,-3.383000,105.000000,88.000000
1094,32118.000,20.010000,0.087000,-0.162000,1.046000,-7.630000,10.220000,1.330000,-5.680000,-1.087000,92.262001,-11.283000,-2.751000,105.000000,88.000000
1095,32138.000,20.006001,-0.016000,-0.126000,0.909000,12.390000,-8.540000,0.140000,-5.449000,-1.028000,92.288002,-11.021000,-0.571000,105.000000,89.000000
1096,32158.000,20.000999,0.204000,-0.079000,0.961000,8.680000,-1.470000,-0.630000,-5.195000,-1.274000,92.272003,-10.477000,-3.101000,105.000000,88.000000
1097,32178.000,20.013000,0.136000,-0.096000,0.915000,-15.470000,9.940000,2.590000,-5.439000,-1.289000,92.292999,-10.724000,-4.475000,105.000000,87.000000
1098,32198.000,20.003000,0.069000,-0.150000,0.934000,3.010000,-0.210000,17.570000,-5.607000,-1.128000,92.662003,-11.244000,-2.465000,105.000000,88.000000
1099,32218.000,20.016001,0.110000,-0.124000,0.945000,8.120000,-17.639999,-2.380000,-5.453000,-1.712000,92.660004,-10.986000,-4.922000,105.000000,87.000000
1100,32238.000,20.003000,0.076000,-0.061000,0.956000,-5.460000,-0.280000,1.890000,-5.349000,-1.642000,92.677002,-10.644000,-6.340000,105.000000,86.000000
1101,32257.000,20.014000,0.040000,-0.132000,0.983000,-3.290000,3.920000,0.770000,-5.449000,-1.336000,92.684998,-10.865000,-4.783000,105.000000,87.000000
1102,32277.000,20.032000,-0.092000,-0.178000,1.068000,7.630000,-21.420000,-3.780000,-5.344000,-1.548000,92.667999,-10.763000,-3.861000,105.000000,88.000000
1103,32297.000,20.009001,0.129000,-0.144000,1.143000,-2.380000,-3.430000,-0.280000,-5.403000,-1.844000,92.672997,-10.782000,-7.890000,105.000000,86.000000
1104,32317.000,20.000999,0.063000,-0.133000,1.045000,-8.470000,9.380000,1.610000,-5.578000,-1.426000,92.681000,-11.072000,-6.427000,105.000000,86.000000
1105,32337.000,20.014000,0.104000,-0.195000,1.014000,7.980000,-5.530000,-1.330000,-5.645000,-1.558000,92.691002,-11.370000,-6.001000,105.000000,86.000000
1106,32357.000,20.000999,0.245000,-0.115000,0.999000,9.730000,-3.710000,-17.570000,-5.392000,-1.903000,92.347000,-10.880000,-8.757000,105.000000,85.000000
1107,32376.000,20.013000,0.125000,-0.104000,0.923000,-17.639999,8.960000,0.700000,-5.652000,-1.934000,92.329002,-11.128000,-10.429000,105.000000,84.000000
1108,32396.000,20.014999,0.036000,-0.160000,0.977000,-0.560000,-0.420000,0.000000,-5.763000,-1.736000,92.339996,-11.521000,-8.298000,105.000000,85.000000
1109,32416.000,20.004000,0.096000,-0.144000,0.951000,8.190000,-18.270000,-3.360000,-5.825000,-2.085000,92.345001,-11.733000,-9.130000,105.000000,85.000000
1110,32436.000,20.007999,0.117000,-0.033000,0.943000,-6.020000,-0.420000,2.240000,-5.725000,-2.126000,92.365997,-11.390000,-11.411000,105.000000,84.000000
1111,32456.000,20.011000,0.004000,-0.163000,0.971000,-4.410000,4.690000,0.210000,-5.886000,-1.815000,92.365997,-11.728000,-9.962000,105.000000,85.000000
1112,32476.000,20.010000,0.001000,-0.195000,1.088000,11.690000,-15.400000,-1.890000,-5.743000,-1.915000,92.378998,-11.604000,-8.834000,105.000000,85.000000
1113,32496.000,20.011999,0.025000,-0.147000,1.159000,3.920000,-3.010000,1.680000,-5.655000,-1.743000,92.418999,-11.349000,-9.060000,105.000000,85.000000
1114,32515.000,20.007000,0.055000,-0.104000,0.995000,-7.420000,10.920000,1.190000,-5.690000,-1.326000,92.402000,-11.306000,-7.710000,105.000000,86.000000
1115,32535.000,20.011999,0.094000,-0.180000,1.011000,7.700000,-5.460000,-0.700000,-5.764000,-1.424000,92.424004,-11.606000,-6.891000,105.000000,86.000000
1116,32555.000,20.007000,0.208000,-0.080000,0.986000,12.810000,-5.600000,-0.350000,-5.415000,-1.745000,92.421997,-10.957000,-9.265000,105.000000,85.000000
1117,32575.000,20.004000,0.124000,-0.110000,0.978000,-19.950001,7.910000,0.770000,-5.700000,-1.786000,92.405998,-11.201000,-11.077000,105.000000,84.000000
1118,32595.000,20.016001,0.053000,-0.172000,0.994000,-1.470000,0.210000,0.070000,-5.877000,-1.605000,92.421997,-11.739000,-9.221000,105.000000,85.000000
1119,32615.000,20.006001,0.024000,-0.161000,0.985000,5.530000,-18.690001,-2.520000,-5.847000,-1.768000,92.430000,-11.750000,-8.632000,105.000000,85.000000
1120,32634.000,20.010000,0.103000,-0.079000,0.984000,-8.330000,-1.120000,0.700000,-5.788000,-1.801000,92.422997,-11.492000,-10.795000,105.000000,84.000000
1121,32654.000,20.007000,0.004000,-0.149000,0.982000,-7.280000,4.970000,0.630000,-5.976000,-1.477000,92.427002,-11.880000,-9.312000,105.000000,85.000000
1122,32674.000,20.011999,-0.025000,-0.200000,1.090000,13.790000,-15.470000,-1.680000,-5.785000,-1.574000,92.443001,-11.707000,-8.100000,105.000000,85.000000
1123,32694.000,20.000999,0.016000,-0.097000,1.126000,5.670000,-3.290000,2.240000,-5.565000,-1.436000,92.486000,-11.186000,-8.508000,105.000000,85.000000
1124,32714.000,20.011999,0.069000,-0.119000,0.993000,-8.470000,11.830000,1.470000,-5.659000,-0.983000,92.476997,-11.233000,-6.992000,105.000000,86.000000
1125,32734.000,20.003000,0.067000,-0.178000,1.015000,8.470000,-5.600000,-0.490000,-5.694000,-0.991000,92.500000,-11.472000,-5.400000,105.000000,87.000000
1126,32753.000,20.017000,0.169000,-0.050000,0.991000,12.460000,-6.370000,-0.700000,-5.284000,-1.282000,92.487000,-10.692000,-7.464000,105.000000,86.000000
1127,32773.000,20.004000,0.174000,-0.095000,1.030000,-18.410000,5.950000,-0.070000,-5.561000,-1.375000,92.462997,-10.938000,-9.476000,105.000000,85.000000
1128,32793.000,20.007000,0.047000,-0.185000,1.008000,-3.290000,0.280000,1.190000,-5.798000,-1.212000,92.501999,-11.563000,-7.900000,105.000000,86.000000
1129,32813.000,20.011999,0.020000,-0.168000,1.004000,7.070000,-19.670000,-3.360000,-5.753000,-1.403000,92.496002,-11.577000,-7.366000,105.000000,86.000000
1130,32833.000,20.006001,0.090000,-0.075000,0.994000,-9.240000,-0.560000,2.730000,-5.716000,-1.386000,92.529999,-11.340000,-9.298000,105.000000,85.000000
1131,32853.000,20.004999,0.017000,-0.136000,0.980000,-5.880000,5.670000,-0.700000,-5.852000,-1.048000,92.502998,-11.644000,-7.693000,105.000000,86.000000
1132,32873.000,20.004999,-0.054000,-0.195000,1.072000,13.440000,-13.790000,-1.890000,-5.657000,-1.109000,92.509003,-11.447000,-6.282000,105.000000,86.000000
1133,32892.000,20.010000,0.060000,-0.079000,1.076000,10.780000,-2.170000,2.030000,-5.251000,-1.030000,92.538002,-10.609000,-6.998000,105.000000,86.000000
1134,32912.000,20.004999,0.132000,-0.118000,0.973000,-7.910000,11.830000,1.820000,-5.395000,-1.019000,92.543999,-10.712000,-8.422000,105.000000,85.000000
1135,32932.000,20.000999,-0.004000,-0.207000,1.023000,6.580000,-5.460000,-0.700000,-5.408000,-0.950000,92.556000,-10.882000,-6.317000,105.000000,86.000000
1136,32952.000,20.003000,0.143000,-0.054000,0.933000,13.930000,-8.890000,-1.260000,-4.964000,-1.289000,92.538002,-10.067000,-8.440000,105.000000,85.000000
1137,32972.000,20.004000,0.167000,-0.085000,1.024000,-17.430000,5.880000,-0.210000,-5.208000,-1.378000,92.510002,-10.241000,-10.666000,105.000000,84.000000
1138,32992.000,20.014000,0.043000,-0.201000,1.007000,-2.660000,1.540000,-0.070000,-5.448000,-1.215000,92.522003,-10.869000,-9.231000,105.000000,85.000000
1139,33011.000,20.010000,-0.011000,-0.186000,1.029000,6.510000,-21.280001,-3.150000,-5.422000,-1.441000,92.523003,-10.908000,-8.653000,105.000000,85.000000
1140,33031.000,20.011000,0.046000,-0.076000,0.998000,-7.630000,-1.470000,0.560000,-5.415000,-1.308000,92.523003,-10.754000,-9.848000,105.000000,85.000000
1141,33051.000,20.014000,0.045000,-0.144000,0.995000,-8.120000,5.390000,0.700000,-5.657000,-0.985000,92.529999,-11.234000,-8.401000,105.000000,85.000000
src_seq,t_ms,dt_ms,ax,ay,az,gx,gy,gz,roll,pitch,yaw,pid_roll,pid_pitch,sv1,sv3
1142,33071.000,20.002001,-0.035000,-0.167000,0.982000,14.910000,-13.230000,-0.140000,-5.431000,-1.029000,92.567001,-11.010000,-6.948000,105.000000,86.000000
1143,33091.000,20.007000,0.096000,-0.051000,0.940000,9.590000,-2.240000,0.420000,-5.015000,-1.114000,92.560997,-10.126000,-8.746000,105.000000,85.000000
1144,33111.000,20.004000,0.136000,-0.147000,0.966000,-6.580000,11.410000,0.840000,-5.271000,-1.075000,92.561996,-10.476000,-9.950000,105.000000,850.187012
1147,33170.000,20.017000,0.178000,-0.070000,1.046000,-18.059999,4.200000,0.280000,-5.189000,-1.522000,92.577003,-10.198000,-12.705000,105.000000,83.000000
1148,33190.000,20.016001,0.043000,-0.188000,0.995000,-3.710000,2.660000,0.700000,-5.440000,-1.320000,92.600998,-10.843000,-11.288000,105.000000,84.000000
1149,33210.000,20.004999,-0.021000,-0.166000,1.064000,6.930000,-20.090000,-4.410000,-5.355000,-1.508000,92.569000,-10.779000,-10.461000,105.000000,84.000000
1150,33230.000,20.013000,-0.024000,-0.071000,1.029000,-6.650000,-2.590000,-1.330000,-5.390000,-1.357000,92.540001,-10.713000,-11.303000,105.000000,84.000000
1151,33250.000,20.004000,0.025000,-0.177000,1.007000,-5.810000,6.930000,1.050000,-5.639000,-1.029000,92.555000,-11.219000,-10.096000,105.000000,84.000000
1152,33269.000,20.009001,-0.036000,-0.174000,0.995000,15.190000,-9.800000,-0.280000,-5.412000,-1.008000,92.582001,-10.976000,-8.378000,105.000000,85.000000
1153,33289.000,20.013000,0.092000,-0.050000,0.940000,14.560000,-0.630000,0.980000,-4.896000,-1.048000,92.583000,-9.938000,-9.678000,104.000000,85.000000
1154,33309.000,20.004000,0.125000,-0.128000,0.973000,-8.750000,12.810000,3.080000,-5.151000,-1.000000,92.621002,-10.215000,-10.793000,105.000000,84.000000
1155,33329.000,20.007000,0.022000,-0.209000,1.015000,7.210000,-3.850000,0.560000,-5.187000,-0.931000,92.656998,-10.447000,-8.741000,105.000000,85.000000
1156,33349.000,20.006001,0.163000,-0.081000,0.927000,12.320000,-11.480000,-0.770000,-4.858000,-1.374000,92.661003,-9.840000,-11.173000,104.000000,84.000000
1157,33369.000,20.007000,0.128000,-0.136000,1.066000,-12.740000,3.780000,-17.920000,-5.170000,-1.549000,92.304001,-10.213000,-14.062000,105.000000,82.000000
1158,33389.000,20.011999,0.027000,-0.173000,1.001000,-2.870000,3.500000,0.700000,-5.360000,-1.290000,92.321999,-10.691000,-12.374000,105.000000,83.000000
1159,33408.000,20.003000,-0.032000,-0.171000,1.053000,6.720000,-19.950001,-4.270000,-5.288000,-1.477000,92.292999,-10.642000,-11.469000,105.000000,84.000000
1160,33428.000,20.014999,0.000000,-0.040000,1.025000,-5.950000,-3.360000,-1.470000,-5.254000,-1.377000,92.257004,-10.449000,-12.576000,105.000000,83.000000
1161,33448.000,20.007999,0.017000,-0.191000,0.994000,-7.350000,7.280000,2.450000,-5.554000,-1.053000,92.302002,-11.035000,-11.506000,105.000000,84.000000
1162,33468.000,20.017000,-0.004000,-0.138000,0.932000,15.470000,-11.060000,0.000000,-5.294000,-1.048000,92.334000,-10.742000,-9.746000,105.000000,85.000000
1163,33488.000,20.003000,0.155000,-0.040000,0.940000,9.310000,-17.639999,0.280000,-4.944000,-1.554000,92.366997,-9.981000,-12.734000,104.000000,83.000000
1164,33508.000,20.017000,0.150000,-0.094000,0.882000,-10.430000,11.550000,2.730000,-5.119000,-1.544000,92.390999,-10.134000,-15.737000,105.000000,82.000000
1165,33527.000,20.006001,0.040000,-0.157000,0.952000,4.760000,-2.310000,0.000000,-5.165000,-1.408000,92.410004,-10.378000,-13.555000,105.000000,83.000000
1166,33547.000,20.004000,0.140000,-0.091000,0.933000,10.920000,-14.700000,-2.590000,-4.851000,-1.915000,92.384003,-9.811000,-16.006001,104.000000,81.000000
1167,33567.000,20.014999,0.075000,-0.131000,1.035000,-9.240000,0.350000,1.680000,-5.108000,-1.686000,92.422997,-10.124000,-16.100000,105.000000,81.000000
1168,33587.000,20.004999,0.047000,-0.182000,0.986000,-2.100000,2.590000,0.140000,-5.326000,-1.487000,92.436996,-10.630000,-15.094000,105.000000,82.000000
1169,33607.000,20.010000,-0.059000,-0.167000,1.053000,8.820000,-19.600000,-4.340000,-5.194000,-1.663000,92.403999,-10.476000,-14.258000,105.000000,82.000000
1170,33627.000,20.014999,0.127000,-0.062000,0.977000,-6.370000,-2.520000,-2.380000,-5.112000,-1.822000,92.342003,-10.161000,-17.246000,105.000000,81.000000
1171,33646.000,20.014000,0.037000,-0.176000,1.057000,-9.450000,8.470000,1.890000,-5.429000,-1.457000,92.371002,-10.763000,-15.974000,105.000000,82.000000
1172,33666.000,20.000999,0.002000,-0.138000,0.917000,10.500000,-8.750000,-0.280000,-5.275000,-1.409000,92.392998,-10.655000,-14.063000,105.000000,82.000000
1173,33686.000,20.003000,0.179000,-0.056000,0.941000,9.590000,-1.050000,-0.350000,-4.953000,-1.621000,92.375000,-10.003000,-16.452999,105.000000,81.000000
1174,33706.000,20.011000,0.156000,-0.079000,0.830000,-11.270000,9.590000,2.030000,-5.122000,-1.647000,92.387001,-10.131000,-17.860001,105.000000,81.000000
1175,33726.000,20.011999,0.036000,-0.146000,0.939000,3.010000,-2.100000,0.210000,-5.171000,-1.486000,92.406998,-10.373000,-15.731000,105.000000,82.000000
1176,33746.000,20.007000,0.134000,-0.087000,0.925000,8.890000,-15.260000,-3.010000,-4.874000,-1.993000,92.372002,-9.836000,-18.114000,104.000000,80.000000
1177,33765.000,20.004000,0.076000,-0.089000,0.987000,-6.860000,17.570000,1.890000,-4.855000,-1.474000,92.351997,-9.642000,-17.962000,104.000000,81.000000
1178,33785.000,20.010000,0.031000,-0.148000,0.969000,-3.150000,2.940000,-17.430000,-4.994000,-1.255000,92.008003,-9.957000,-15.112000,104.000000,82.000000
1179,33805.000,20.010000,-0.044000,-0.183000,1.067000,10.780000,-18.620001,-3.780000,-4.859000,-1.420000,91.984001,-9.826000,-14.238000,104.000000,82.000000
1180,33825.000,20.013000,0.111000,-0.137000,1.113000,-5.320000,-3.500000,-0.840000,-5.161000,-1.607000,91.995003,-10.268000,-17.198000,105.000000,81.000000
1181,33845.000,20.014999,0.067000,-0.148000,1.040000,-10.220000,8.750000,1.120000,-5.479000,-1.231000,92.005997,-10.856000,-15.956000,105.000000,82.000000
1182,33865.000,20.004999,0.030000,-0.183000,0.943000,9.870000,-7.980000,-0.280000,-5.451000,-1.233000,92.036003,-11.000000,-14.421000,105.000000,82.000000
1183,33885.000,20.017000,0.216000,-0.037000,0.954000,8.540000,-1.400000,-0.350000,-5.154000,-1.454000,92.021004,-10.393000,-16.745001,105.000000,81.000000
1184,33904.000,20.010000,0.145000,-0.091000,0.878000,-12.740000,10.500000,2.590000,-5.351000,-1.460000,92.041000,-10.574000,-18.122999,105.000000,80.000000
1185,33924.000,20.018999,0.048000,-0.145000,0.948000,2.870000,-1.540000,17.500000,-5.442000,-1.248000,92.404999,-10.913000,-15.584000,105.000000,82.000000
1186,33944.000,20.007000,0.129000,-0.083000,0.924000,8.610000,-16.030001,-2.590000,-5.126000,-1.753000,92.378998,-10.339000,-17.792999,105.000000,81.000000
1187,33964.000,20.000999,0.061000,-0.083000,1.012000,-7.280000,1.260000,1.680000,-5.118000,-1.560000,92.393997,-10.164000,-18.344000,105.000000,80.000000
1188,33984.000,20.002001,0.039000,-0.154000,0.967000,-3.920000,2.800000,0.070000,-5.321000,-1.311000,92.400002,-10.604000,-16.917000,105.000000,81.000000
1189,34004.000,20.014000,-0.040000,-0.186000,1.065000,10.570000,-18.969999,-3.220000,-5.188000,-1.481000,92.389999,-10.482000,-16.059000,105.000000,81.000000
1190,34023.000,20.009001,0.103000,-0.163000,1.064000,-4.270000,-3.220000,-1.610000,-5.500000,-1.545000,92.388000,-10.957000,-18.230000,105.000000,80.000000
1191,34043.000,20.018000,0.094000,-0.147000,1.038000,-8.960000,9.870000,2.450000,-5.878000,-1.224000,92.430000,-11.665000,-17.445000,105.000000,81.000000
1192,34063.000,20.013000,0.035000,-0.175000,0.972000,8.820000,-6.790000,0.770000,-5.846000,-1.176000,92.476997,-11.780000,-15.566000,105.000000,82.000000
1193,34083.000,20.004999,0.233000,-0.099000,0.970000,10.220000,-2.170000,-0.910000,-5.592000,-1.445000,92.459000,-11.286000,-18.028999,105.000000,80.000000
1194,34103.000,20.004999,0.136000,-0.096000,0.890000,-15.190000,8.610000,2.310000,-5.817000,-1.482000,92.474998,-11.481000,-19.513000,105.000000,80.000000
1195,34123.000,20.007000,0.034000,-0.154000,0.937000,2.100000,-1.680000,0.350000,-5.879000,-1.310000,92.497002,-11.780000,-17.427000,105.000000,81.000000
1196,34142.000,20.009001,0.097000,-0.126000,0.910000,8.330000,-18.059999,-3.010000,-5.784000,-1.892000,92.490997,-11.651000,-19.990000,105.000000,80.000000
1197,34162.000,20.042999,0.136000,-0.080000,0.948000,-6.160000,-0.210000,2.940000,-5.735000,-2.033000,92.531998,-11.409000,-22.955999,105.000000,78.000000
1198,34182.000,20.013000,-0.004000,-0.152000,0.982000,-5.180000,4.620000,-17.430000,-5.846000,-1.764000,92.177002,-11.641000,-21.754000,105.000000,79.000000
1199,34202.000,20.011999,-0.006000,-0.212000,1.085000,13.090000,-16.240000,-2.870000,-5.696000,-1.893000,92.174004,-11.523000,-20.753000,105.000000,79.000000
1200,34222.000,20.000999,0.039000,-0.183000,1.184000,1.680000,-2.660000,1.330000,-5.735000,-1.724000,92.214996,-11.487000,-21.118000,105.000000,79.000000
1201,34242.000,20.004999,0.073000,-0.135000,0.996000,-8.820000,10.500000,1.120000,-5.936000,-1.286000,92.210999,-11.784000,-19.539000,105.000000,80.000000
1202,34261.000,20.004999,0.114000,-0.130000,0.979000,8.540000,-6.300000,-0.630000,-5.735000,-1.639000,92.211998,-11.556000,-20.459000,105.000000,79.000000
1203,34281.000,20.025000,0.229000,-0.101000,1.015000,10.360000,-3.780000,-0.700000,-5.470000,-1.937000,92.202003,-11.043000,-22.961000,105.000000,78.000000
1204,34301.000,20.017000,0.136000,-0.103000,0.971000,-18.900000,7.560000,0.700000,-5.726000,-1.981000,92.183998,-11.264000,-24.593000,105.000000,77.000000
1205,34321.000,20.011000,0.042000,-0.181000,0.960000,-0.630000,-17.570000,0.280000,-5.898000,-2.157000,92.251999,-11.789000,-23.341999,105.000000,78.000000
1206,34341.000,20.017000,0.063000,-0.142000,0.973000,6.650000,-20.020000,-2.940000,-5.820000,-2.340000,92.253998,-11.706000,-24.378000,105.000000,77.000000
1207,34361.000,20.009001,0.142000,-0.089000,0.930000,-6.790000,-0.420000,2.450000,-5.804000,-2.509000,92.286003,-11.539000,-27.521999,105.000000,76.000000
1208,34380.000,20.014000,0.005000,-0.154000,0.979000,-4.620000,4.830000,0.350000,-5.944000,-2.189000,92.285004,-11.842000,-25.806999,105.000000,77.000000
1209,34400.000,20.009001,0.027000,-0.217000,1.092000,12.950000,-15.890000,-1.120000,-5.823000,-2.322000,92.320999,-11.775000,-24.663000,105.000000,77.000000
1210,34420.000,20.003000,0.010000,-0.115000,1.156000,7.210000,-2.660000,0.840000,-5.609000,-2.157000,92.336998,-11.290000,-24.834000,105.000000,77.000000
1211,34440.000,20.014999,0.076000,-0.111000,0.986000,-7.420000,10.150000,0.700000,-5.645000,-1.756000,92.311996,-11.215000,-23.309999,105.000000,78.000000
1212,34460.000,20.002001,0.112000,-0.163000,0.985000,7.000000,-5.600000,-0.770000,-5.721000,-1.939000,92.334000,-11.512000,-23.014000,105.000000,78.000000
1213,34480.000,20.002001,0.238000,-0.111000,0.981000,10.430000,-5.110000,0.350000,-5.483000,-2.266000,92.349998,-11.071000,-25.350000,105.000000,77.000000
1214,34499.000,20.007999,0.148000,-0.115000,0.980000,-19.950001,7.210000,-0.700000,-5.820000,-2.346000,92.310997,-11.440000,-27.139999,105.000000,76.000000
1215,34519.000,20.007999,0.041000,-0.159000,0.960000,-0.980000,-0.630000,0.770000,-5.934000,-2.147000,92.338997,-11.859000,-24.962999,105.000000,77.000000
1216,34539.000,20.000999,0.022000,-0.162000,0.998000,5.740000,-20.510000,-3.080000,-5.885000,-2.342000,92.339996,-11.828000,-24.346001,105.000000,77.000000
1217,34559.000,20.006001,0.124000,-0.089000,0.962000,-8.890000,-0.840000,0.630000,-5.851000,-2.441000,92.331001,-11.613000,-27.003000,105.000000,76.000000
1218,34579.000,20.016001,0.001000,-0.153000,0.976000,-6.020000,4.480000,0.910000,-6.017000,-2.126000,92.342003,-11.974000,-25.329000,105.000000,77.000000
1219,34599.000,20.011000,0.008000,-0.212000,1.091000,13.650000,-14.420000,-1.610000,-5.857000,-2.216000,92.361000,-11.850000,-24.066999,105.000000,77.000000
1220,34618.000,20.000999,0.004000,-0.137000,1.157000,5.600000,-2.450000,1.750000,-5.716000,-2.034000,92.399002,-11.488000,-23.996000,105.000000,78.000000
1221,34638.000,20.004999,0.079000,-0.114000,0.994000,-6.650000,10.850000,0.070000,-5.729000,-1.625000,92.359001,-11.392000,-22.459000,105.000000,78.000000
1222,34658.000,20.013000,0.064000,-0.164000,1.025000,7.070000,-4.760000,1.050000,-5.728000,-1.532000,92.405998,-11.526000,-20.249001,105.000000,79.000000
1223,34678.000,20.002001,0.182000,-0.072000,0.982000,11.340000,-5.390000,-0.630000,-5.373000,-1.831000,92.394997,-10.860000,-22.280001,105.000000,78.000000
1224,34698.000,20.017000,0.162000,-0.118000,1.048000,-18.480000,5.950000,-0.700000,-5.681000,-1.936000,92.360001,-11.177000,-24.146999,105.000000,77.000000
1225,34718.000,20.007000,0.053000,-0.197000,1.004000,-2.450000,1.050000,0.350000,-5.907000,-1.768000,92.382004,-11.790000,-22.480000,105.000000,78.000000
1226,34737.000,20.014999,0.017000,-0.173000,1.019000,7.070000,-20.020000,-3.500000,-5.851000,-1.962000,92.375000,-11.772000,-21.731001,105.000000,79.000000
1227,34757.000,20.011999,0.114000,-0.088000,0.980000,-10.150000,-1.050000,2.450000,-5.837000,-2.032000,92.403999,-11.573000,-24.118999,105.000000,77.000000
1228,34777.000,20.004000,-0.002000,-0.157000,0.988000,-5.880000,5.180000,-0.350000,-6.003000,-1.707000,92.388000,-11.947000,-22.469000,105.000000,78.000000
1229,34797.000,20.004999,-0.019000,-0.191000,1.071000,14.910000,-14.560000,-0.770000,-5.782000,-1.782000,92.418999,-11.714000,-21.014999,105.000000,79.000000
1230,34817.000,20.007999,0.042000,-0.051000,1.072000,12.040000,-2.450000,1.750000,-5.362000,-1.692000,92.442001,-10.845000,-21.600000,105.000000,79.000000
1231,34837.000,20.011000,0.128000,-0.102000,0.968000,-6.230000,10.710000,1.470000,-5.363000,-1.669000,92.432999,-10.665000,-22.756001,105.000000,78.000000
1232,34856.000,20.010000,0.026000,-0.185000,1.009000,6.370000,-6.160000,0.560000,-5.378000,-1.608000,92.473000,-10.820000,-20.638000,105.000000,79.000000
1233,34876.000,20.010000,0.166000,-0.052000,0.945000,12.250000,-6.650000,-1.050000,-4.976000,-1.911000,92.452003,-10.075000,-22.711000,105.000000,78.000000
1234,34896.000,20.004999,0.148000,-0.093000,0.997000,-19.670000,6.510000,-0.280000,-5.251000,-1.980000,92.418999,-10.305000,-24.509001,105.000000,77.000000
1235,34916.000,20.011000,0.048000,-0.196000,1.004000,-0.630000,1.190000,0.000000,-5.441000,-1.810000,92.434998,-10.876000,-22.792000,105.000000,78.000000
1236,34936.000,20.006001,-0.011000,-0.186000,1.021000,5.810000,-20.020000,-2.170000,-5.425000,-2.007000,92.452003,-10.909000,-22.045000,105.000000,78.000000
1237,34956.000,20.002001,0.026000,-0.076000,0.996000,-7.420000,-1.400000,0.560000,-5.455000,-1.841000,92.454002,-10.836000,-22.746000,105.000000,78.000000
1238,34976.000,20.010000,0.039000,-0.145000,0.987000,-6.860000,6.720000,0.770000,-5.657000,-1.486000,92.459000,-11.246000,-21.075001,105.000000,79.000000
1239,34995.000,20.007000,-0.016000,-0.199000,1.053000,14.630000,-12.880000,-0.770000,-5.471000,-1.540000,92.487000,-11.089000,-19.490000,105.000000,80.000000
1240,35015.000,20.010000,0.057000,-0.040000,1.000000,10.710000,-1.330000,1.960000,-5.055000,-1.466000,92.510002,-10.217000,-20.127001,105.000000,79.000000
1241,35035.000,20.004999,0.111000,-0.117000,0.974000,-7.770000,12.110000,1.260000,-5.207000,-1.450000,92.505997,-10.337000,-21.364000,105.000000,79.000000
1242,35055.000,20.007000,0.012000,-0.182000,0.994000,8.260000,-4.970000,0.700000,-5.177000,-1.360000,92.543999,-10.437000,-19.021999,105.000000,80.000000
1243,35075.000,20.016001,0.197000,-0.087000,0.925000,13.090000,-7.420000,-0.910000,-4.862000,-1.732000,92.538002,-9.854000,-21.379999,104.000000,79.000000
1244,35095.000,20.004999,0.146000,-0.105000,1.055000,-35.139999,2.940000,0.280000,-5.465000,-1.879000,92.528000,-10.579000,-23.448999,105.000000,78.000000
1245,35114.000,20.000999,0.019000,-0.192000,1.010000,-2.030000,3.710000,-16.590000,-5.607000,-1.663000,92.200996,-11.193000,-22.010000,105.000000,78.000000
1246,35134.000,20.016001,-0.005000,-0.195000,1.057000,6.510000,-19.670000,-4.200000,-5.579000,-1.860000,92.179001,-11.223000,-21.055000,105.000000,79.000000
1247,35154.000,20.037001,-0.025000,-0.055000,1.026000,-8.050000,-2.100000,-17.500000,-5.589000,-1.752000,91.822998,-11.097000,-22.054001,105.000000,78.000000
1248,35174.000,20.016001,0.065000,-0.156000,0.979000,-5.670000,7.210000,0.560000,-5.849000,-1.432000,91.830002,-11.642000,-20.743000,105.000000,79.000000
1249,35194.000,20.006001,-0.016000,-0.165000,0.992000,16.450001,-11.970000,-0.140000,-5.585000,-1.449000,91.864998,-11.334000,-18.947001,105.000000,80.000000
1250,35214.000,20.000999,0.069000,-0.046000,0.941000,12.180000,-1.890000,0.490000,-5.124000,-1.423000,91.859001,-10.369000,-19.768999,105.000000,80.000000
1251,35234.000,20.000999,0.134000,-0.141000,0.955000,-10.710000,12.250000,1.890000,-5.457000,-1.369000,91.877998,-10.807000,-20.806000,105.000000,79.000000
1252,35253.000,20.013000,0.000000,-0.184000,1.027000,5.880000,-4.060000,0.000000,-5.449000,-1.248000,91.899002,-10.957000,-18.327000,105.000000,80.000000
1253,35273.000,20.017000,0.167000,-0.092000,0.908000,12.320000,-10.780000,-1.260000,-5.139000,-1.685000,91.893997,-10.402000,-20.714001,105.000000,79.000000
1254,35293.000,20.009001,0.100000,-0.139000,1.078000,-12.040000,0.630000,-17.430000,-5.492000,-1.538000,91.558998,-10.864000,-20.829000,105.000000,79.000000
1255,35313.000,20.014000,0.027000,-0.158000,0.986000,-1.820000,3.710000,0.770000,-5.624000,-1.254000,91.573997,-11.231000,-19.150000,105.000000,80.000000
1256,35333.000,20.007999,-0.023000,-0.173000,1.048000,7.000000,-19.740000,-4.270000,-5.548000,-1.438000,91.545998,-11.166000,-18.089001,105.000000,80.000000
1257,35353.000,20.000999,-0.036000,-0.031000,0.986000,-7.490000,-2.520000,-0.560000,-5.563000,-1.306000,91.528000,-11.050000,-18.893000,105.000000,80.000000
1258,35372.000,20.010000,0.028000,-0.207000,0.996000,-7.070000,6.300000,1.330000,-5.879000,-1.029000,91.554001,-11.688000,-17.833000,105.000000,81.000000
1259,35392.000,20.004000,-0.019000,-0.118000,0.921000,15.050000,-11.200000,0.350000,-5.567000,-1.022000,91.589996,-11.284000,-16.037001,105.000000,81.000000
1260,35412.000,20.007999,0.135000,-0.045000,0.943000,10.570000,-0.630000,17.780001,-5.197000,-1.119000,91.928001,-10.500000,-17.771000,105.000000,81.000000
1261,35432.000,20.004999,0.137000,-0.097000,0.920000,-8.470000,10.780000,2.870000,-5.303000,-1.117000,91.953003,-10.521000,-18.899000,105.000000,80.000000
1262,35452.000,20.016001,0.007000,-0.169000,0.976000,5.460000,-3.220000,0.070000,-5.309000,-0.982000,91.973000,-10.672000,-16.552000,105.000000,81.000000
1263,35472.000,20.014000,0.151000,-0.086000,0.926000,11.550000,-12.250000,-2.450000,-4.988000,-1.443000,91.945000,-10.091000,-18.872999,105.000000,80.000000
1264,35491.000,20.000999,0.076000,-0.153000,1.066000,-13.230000,0.630000,0.980000,-5.413000,-1.262000,91.977997,-10.694000,-18.898001,105.000000,80.000000
1265,35511.000,20.016001,0.048000,-0.164000,0.997000,-1.050000,4.340000,0.070000,-5.580000,-1.000000,91.982002,-11.150000,-17.431999,105.000000,81.000000
1266,35531.000,20.023001,-0.044000,-0.163000,1.034000,7.140000,-20.090000,-3.990000,-5.483000,-1.185000,91.958000,-11.038000,-16.284000,105.000000,81.000000
1267,35551.000,20.014000,0.085000,-0.045000,1.008000,-5.600000,-2.870000,-0.980000,-5.367000,-1.225000,91.925003,-10.677000,-18.285999,105.000000,80.000000
1268,35571.000,20.010000,0.017000,-0.188000,1.029000,-8.540000,7.490000,1.750000,-5.675000,-0.887000,91.953003,-11.265000,-16.958000,105.000000,81.000000
1269,35591.000,20.002001,-0.013000,-0.145000,0.909000,11.830000,-8.960000,-0.840000,-5.502000,-0.847000,91.964996,-11.121000,-15.030000,105.000000,82.000000
1270,35611.000,20.003000,0.159000,-0.037000,0.941000,9.030000,-0.210000,0.000000,-5.154000,-1.008000,91.950996,-10.398000,-17.037001,105.000000,81.000000
1271,35630.000,20.004000,0.150000,-0.084000,0.868000,-8.820000,10.500000,2.310000,-5.265000,-1.013000,91.964996,-10.442000,-18.142000,105.000000,80.000000
1272,35650.000,20.002001,0.048000,-0.135000,0.940000,4.970000,-2.030000,-0.070000,-5.271000,-0.850000,91.977997,-10.592000,-15.746000,105.000000,82.000000
1273,35670.000,20.011000,0.149000,-0.084000,0.921000,10.080000,-13.300000,-2.170000,-4.977000,-1.329000,91.959000,-10.055000,-17.975000,105.000000,81.000000
1274,35690.000,20.004000,0.046000,-0.104000,1.064000,-8.820000,0.560000,0.350000,-5.067000,-1.107000,91.956001,-10.046000,-17.806000,105.000000,81.000000
1275,35710.000,20.006001,0.052000,-0.169000,0.971000,-1.260000,4.480000,0.070000,-5.280000,-0.887000,91.962997,-10.548000,-16.657000,105.000000,81.000000
1276,35730.000,20.014999,-0.046000,-0.163000,1.081000,8.960000,-18.969999,-3.780000,-5.144000,-1.049000,91.939003,-10.378000,-15.443000,105.000000,82.000000
1277,35749.000,20.017000,0.151000,-0.083000,1.066000,-4.830000,-3.150000,-1.260000,-5.093000,-1.291000,91.907997,-10.138000,-18.724001,105.000000,80.000000
1278,35769.000,20.004999,0.052000,-0.162000,1.045000,-8.470000,8.260000,2.030000,-5.404000,-0.940000,91.941002,-10.723000,-17.406000,105.000000,81.000000
1279,35789.000,20.002001,0.032000,-0.189000,0.931000,9.590000,-8.330000,-0.840000,-5.399000,-0.974000,91.960999,-10.894000,-15.987000,105.000000,82.000000
1280,35809.000,20.007999,0.203000,-0.080000,0.968000,9.100000,-1.120000,-0.630000,-5.140000,-1.214000,91.944000,-10.371000,-18.386000,105.000000,80.000000
1281,35829.000,20.002001,0.143000,-0.087000,0.852000,-13.930000,9.730000,2.100000,-5.362000,-1.237000,91.957001,-10.584000,-19.632000,105.000000,80.000000
1282,35849.000,20.010000,0.058000,-0.146000,0.918000,4.690000,-0.140000,0.420000,-5.439000,-1.085000,91.981003,-10.925000,-17.580999,105.000000,81.000000
1283,35868.000,20.011000,0.145000,-0.082000,0.932000,9.660000,-15.260000,-1.610000,-5.129000,-1.589000,91.975998,-10.354000,-19.596001,105.000000,80.000000
1284,35888.000,20.004999,0.048000,-0.075000,1.008000,-7.210000,0.840000,1.540000,-5.121000,-1.403000,91.989998,-10.169000,-19.903000,105.000000,80.000000
1285,35908.000,20.013000,0.038000,-0.142000,0.963000,-3.850000,4.270000,0.840000,-5.292000,-1.107000,92.004997,-10.546000,-18.174999,105.000000,80.000000
1286,35928.000,20.006001,-0.004000,-0.205000,1.090000,9.380000,-18.270000,-3.780000,-5.229000,-1.288000,91.986000,-10.552000,-17.188000,105.000000,81.000000
1287,35948.000,20.003000,0.117000,-0.166000,1.159000,-2.520000,-3.290000,-1.050000,-5.492000,-1.433000,91.992996,-10.960000,-19.702999,105.000000,80.000000
1288,35968.000,20.006001,0.083000,-0.136000,0.999000,-8.680000,9.030000,2.310000,-5.784000,-1.050000,92.026001,-11.480000,-18.253000,105.000000,80.000000
1289,35987.000,20.017000,0.069000,-0.190000,1.019000,7.280000,-7.490000,-1.400000,-5.847000,-1.111000,92.037003,-11.768000,-17.028000,105.000000,81.000000
1290,36007.000,20.007999,0.222000,-0.112000,0.994000,9.940000,-1.540000,0.280000,-5.612000,-1.366000,92.042999,-11.323000,-19.410000,105.000000,80.000000
1291,36027.000,20.014000,0.122000,-0.103000,0.908000,-13.930000,8.960000,2.450000,-5.802000,-1.393000,92.059998,-11.466000,-20.646000,105.000000,79.000000
1292,36047.000,20.010000,0.049000,-0.131000,0.938000,2.660000,0.700000,0.770000,-5.783000,-1.151000,92.075996,-11.593000,-18.125000,105.000000,80.000000
1293,36067.000,20.014000,0.110000,-0.142000,0.961000,7.840000,-0.070000,-3.010000,-5.744000,-1.351000,92.028000,-11.567000,-19.448000,105.000000,80.000000
1294,36087.000,20.014000,0.106000,-0.061000,0.953000,-6.650000,-0.140000,2.380000,-5.660000,-1.403000,92.055000,-11.253000,-19.809000,105.000000,80.000000
1295,36106.000,20.010000,0.019000,-0.145000,0.981000,-4.410000,5.180000,1.190000,-5.797000,-1.074000,92.069000,-11.551000,-18.035000,105.000000,80.000000
1296,36126.000,20.011999,0.011000,-0.205000,1.074000,11.410000,-16.730000,-2.520000,-5.703000,-1.226000,92.074997,-11.519000,-16.907000,105.000000,81.000000
1297,36146.000,20.004000,0.045000,-0.186000,1.164000,0.490000,-3.080000,1.120000,-5.800000,-1.080000,92.114998,-11.605000,-17.250000,105.000000,81.000000
1298,36166.000,20.007000,0.078000,-0.132000,0.995000,-7.560000,9.520000,1.120000,-5.942000,-0.660000,92.111000,-11.809000,-15.571000,105.000000,82.000000
1299,36186.000,20.002001,0.063000,-0.183000,1.059000,6.090000,-6.580000,-0.840000,-6.015000,-0.671000,92.127998,-12.090000,-14.037000,106.000000,82.000000
1300,36206.000,20.003000,0.203000,-0.088000,0.988000,11.270000,-4.410000,0.490000,-5.708000,-0.970000,92.141998,-11.528000,-16.351999,105.000000,81.000000
1301,36225.000,20.007000,0.133000,-0.110000,0.999000,-16.240000,8.050000,17.570000,-5.961000,-0.970000,92.461998,-11.760000,-17.598000,105.000000,81.000000
1302,36245.000,20.004000,0.047000,-0.181000,1.000000,-0.210000,2.170000,0.210000,-6.132000,-0.770000,92.473999,-12.263000,-15.606000,106.000000,82.000000
1303,36265.000,20.007000,0.053000,-0.154000,0.980000,6.720000,-19.110001,-2.310000,-6.112000,-0.955000,92.490997,-12.292000,-14.777000,106.000000,82.000000
1304,36285.000,20.014000,0.140000,-0.091000,0.942000,-6.230000,-1.190000,1.540000,-6.107000,-1.162000,92.513000,-12.152000,-18.016001,106.000000,80.000000
1305,36305.000,20.011999,0.012000,-0.183000,0.975000,-5.040000,5.180000,1.050000,-6.328000,-0.861000,92.529999,-12.606000,-16.544001,106.000000,81.000000
1306,36325.000,20.002001,-0.027000,-0.197000,1.089000,14.280000,-15.820000,-1.820000,-6.118000,-0.963000,92.544998,-12.379000,-15.156000,106.000000,82.000000
1307,36344.000,20.007999,-0.017000,-0.099000,1.145000,5.670000,-3.290000,0.490000,-5.903000,-0.824000,92.555000,-11.863000,-15.440000,105.000000,82.000000
1308,36364.000,20.011000,0.079000,-0.106000,0.983000,-6.510000,10.430000,2.100000,-5.811000,-0.569000,92.550003,-11.557000,-15.026000,105.000000,82.000000
1309,36384.000,20.016001,0.050000,-0.174000,1.017000,9.310000,-6.160000,-0.770000,-5.798000,-0.542000,92.565002,-11.688000,-13.180000,105.000000,83.000000
1310,36404.000,20.014000,0.194000,-0.078000,0.994000,12.180000,-4.550000,-0.280000,-5.455000,-0.840000,92.561996,-11.032000,-15.424000,105.000000,82.000000
1311,36424.000,20.011999,0.144000,-0.114000,0.989000,-20.860001,6.720000,0.000000,-5.824000,-0.931000,92.542000,-11.440000,-17.187000,105.000000,81.000000
1312,36444.000,20.013000,0.043000,-0.182000,0.997000,-2.240000,1.750000,-0.210000,-6.036000,-0.739000,92.546997,-12.049000,-15.350000,106.000000,82.000000
1313,36463.000,20.002001,0.022000,-0.171000,0.995000,6.370000,-18.900000,-2.380000,-6.019000,-0.919000,92.560997,-12.101000,-14.543000,106.000000,82.000000
1314,36483.000,20.017000,0.091000,-0.066000,0.984000,-6.510000,-0.840000,0.980000,-5.923000,-0.952000,92.563004,-11.781000,-16.577999,105.000000,81.000000
1315,36503.000,20.011000,0.031000,-0.137000,0.945000,-6.370000,6.930000,0.420000,-6.086000,-0.587000,92.555000,-12.108000,-14.804000,106.000000,82.000000
1316,36523.000,20.014999,-0.036000,-0.198000,1.033000,13.650000,-14.700000,-0.560000,-5.910000,-0.671000,92.592003,-11.957000,-13.229000,105.000000,83.000000
1317,36543.000,20.013000,0.031000,-0.043000,0.996000,9.030000,-2.380000,1.260000,-5.533000,-0.606000,92.607002,-11.156000,-14.002000,105.000000,82.000000
1318,36563.000,20.004999,0.103000,-0.101000,0.966000,-5.810000,10.220000,0.840000,-5.492000,-0.568000,92.584999,-10.925000,-14.999000,105.000000,82.000000
1319,36583.000,20.011000,0.003000,-0.172000,1.021000,9.380000,-5.880000,0.000000,-5.411000,-0.481000,92.608002,-10.915000,-12.780000,105.000000,83.000000
1320,36602.000,20.003000,0.179000,-0.038000,0.956000,12.250000,-7.350000,-0.700000,-5.023000,-0.809000,92.600998,-10.169000,-14.925000,105.000000,82.000000
1321,36622.000,20.007999,0.153000,-0.090000,0.989000,-18.969999,6.860000,17.780001,-5.343000,-0.841000,92.931000,-10.497000,-16.572001,105.000000,81.000000
1322,36642.000,20.011999,0.050000,-0.191000,0.980000,-2.730000,2.940000,0.420000,-5.602000,-0.676000,92.948997,-11.176000,-15.028000,105.000000,82.000000
1323,36662.000,20.007999,0.003000,-0.162000,0.996000,4.970000,-20.440001,-3.430000,-5.587000,-0.878000,92.941002,-11.223000,-14.101000,105.000000,82.000000
1324,36682.000,20.014000,0.053000,-0.058000,0.993000,-7.140000,-1.470000,0.560000,-5.524000,-0.812000,92.938004,-10.976000,-15.536000,105.000000,82.000000
1325,36702.000,20.003000,0.044000,-0.123000,0.979000,-6.650000,6.510000,0.980000,-5.641000,-0.452000,92.939003,-11.215000,-13.818000,105.000000,83.000000
1326,36721.000,20.011999,-0.059000,-0.183000,1.024000,15.120000,-13.370000,-0.280000,-5.416000,-0.502000,92.973999,-10.983000,-12.177000,105.000000,83.000000
1327,36741.000,20.006001,0.076000,-0.052000,0.982000,12.880000,-2.800000,0.210000,-4.931000,-0.553000,92.967003,-9.991000,-13.589000,104.000000,83.000000
1328,36761.000,20.011999,0.108000,-0.121000,0.972000,-8.050000,11.270000,0.910000,-5.140000,-0.550000,92.962997,-10.199000,-14.974000,105.000000,82.000000
1329,36781.000,20.010000,-0.002000,-0.209000,1.018000,9.450000,-5.040000,0.630000,-5.115000,-0.486000,93.000000,-10.324000,-12.898000,105.000000,83.000000
1330,36801.000,20.007999,0.190000,-0.082000,0.895000,14.560000,-9.310000,-1.470000,-4.773000,-0.898000,92.987999,-9.692000,-15.353000,104.000000,82.000000
1331,36821.000,20.003000,0.127000,-0.102000,1.054000,-16.730000,3.640000,-0.350000,-4.996000,-1.027000,92.963997,-9.824000,-17.554001,104.000000,81.000000
1332,36841.000,20.006001,0.047000,-0.182000,1.017000,-3.640000,4.410000,0.770000,-5.254000,-0.802000,92.985001,-10.471000,-16.052000,105.000000,81.000000
1333,36860.000,20.003000,-0.005000,-0.172000,1.051000,5.600000,-19.950001,-3.850000,-5.233000,-0.998000,92.964996,-10.521000,-14.988000,105.000000,82.000000
1334,36880.000,20.025999,-0.028000,-0.067000,1.017000,-6.580000,-2.030000,0.560000,-5.265000,-0.832000,92.972000,-10.465000,-15.624000,105.000000,82.000000
1335,36900.000,20.003000,0.050000,-0.150000,0.971000,-7.070000,6.090000,0.770000,-5.559000,-0.538000,92.985001,-11.047000,-14.375000,105.000000,82.000000
1336,36920.000,20.011999,-0.015000,-0.128000,0.930000,15.120000,-10.780000,0.000000,-5.278000,-0.524000,93.014000,-10.708000,-12.590000,105.000000,83.000000
1337,36940.000,20.014999,0.125000,-0.058000,0.909000,11.060000,-1.610000,0.700000,-4.893000,-0.713000,93.017998,-9.896000,-14.828000,104.000000,82.000000
1338,36960.000,20.009001,0.115000,-0.098000,0.968000,-6.860000,12.180000,1.190000,-4.936000,-0.677000,93.004997,-9.803000,-15.959000,104.000000,82.000000
1339,36979.000,20.010000,-0.005000,-0.211000,1.001000,8.190000,-4.410000,1.120000,-4.940000,-0.603000,93.052002,-9.962000,-13.781000,104.000000,83.000000
1340,36999.000,20.007999,0.177000,-0.077000,0.893000,13.860000,-9.380000,-1.050000,-4.602000,-1.013000,93.046997,-9.343000,-16.150000,104.000000,81.000000
1341,37019.000,20.007999,0.118000,-0.122000,1.059000,-16.030001,4.550000,0.560000,-4.950000,-1.147000,93.051003,-9.739000,-18.486000,104.000000,80.000000
1342,37039.000,20.006001,0.036000,-0.173000,0.993000,-2.310000,3.640000,0.140000,-5.158000,-0.913000,93.058998,-10.293000,-16.754000,105.000000,81.000000
1343,37059.000,20.016001,-0.010000,-0.178000,1.048000,4.410000,-20.370001,-3.570000,-5.169000,-1.120000,93.045998,-10.382000,-15.803000,105.000000,82.000000
1344,37079.000,20.014000,-0.024000,-0.067000,1.024000,-8.330000,-1.960000,0.140000,-5.235000,-0.955000,93.044998,-10.387000,-16.488001,105.000000,81.000000
1345,37098.000,20.003000,0.062000,-0.145000,1.005000,-7.490000,6.720000,0.280000,-5.525000,-0.640000,93.044998,-10.975000,-15.150000,105.000000,82.000000
1346,37118.000,20.009001,-0.026000,-0.157000,0.980000,16.100000,-12.180000,-0.210000,-5.269000,-0.662000,93.077003,-10.699000,-13.416000,105.000000,83.000000
1347,37138.000,20.016001,0.064000,-0.047000,0.944000,11.690000,-2.520000,0.560000,-4.813000,-0.666000,93.075996,-9.743000,-14.413000,104.000000,82.000000
1348,37158.000,20.004999,0.124000,-0.149000,0.991000,-7.140000,11.410000,1.960000,-5.102000,-0.611000,93.100998,-10.132000,-15.417000,105.000000,82.000000
1349,37178.000,20.007999,-0.009000,-0.197000,1.010000,8.820000,-5.110000,1.190000,-5.072000,-0.531000,93.148003,-10.233000,-13.205000,105.000000,83.000000
1350,37198.000,20.004000,0.186000,-0.087000,0.893000,12.530000,-9.940000,-0.630000,-4.783000,-0.955000,93.154999,-9.691000,-15.692000,104.000000,82.000000
1351,37218.000,20.003000,0.132000,-0.115000,1.068000,-15.610000,3.780000,16.660000,-5.077000,-1.065000,93.474998,-9.997000,-17.833000,104.000000,81.000000
1352,37237.000,20.004999,0.035000,-0.171000,0.981000,-4.270000,3.570000,1.330000,-5.324000,-0.826000,93.507004,-10.605000,-16.142000,105.000000,81.000000
1353,37257.000,20.021000,-0.013000,-0.184000,1.082000,5.180000,-20.160000,-4.200000,-5.313000,-1.029000,93.481003,-10.679000,-15.186000,105.000000,82.000000
1354,37277.000,20.007000,-0.023000,-0.073000,1.031000,-7.980000,-2.310000,-1.050000,-5.372000,-0.873000,93.457001,-10.664000,-15.880000,105.000000,82.000000
1355,37297.000,20.013000,0.045000,-0.130000,1.027000,-7.350000,6.720000,0.770000,-5.521000,-0.509000,93.456001,-10.969000,-14.237000,105.000000,82.000000
1356,37317.000,20.007000,-0.009000,-0.141000,0.991000,15.050000,-10.990000,0.000000,-5.256000,-0.501000,93.486000,-10.663000,-12.409000,105.000000,83.000000
1357,37337.000,20.006001,0.098000,-0.056000,0.924000,11.970000,-1.610000,1.120000,-4.808000,-0.619000,93.496002,-9.735000,-14.171000,104.000000,82.000000
1358,37356.000,20.009001,0.119000,-0.103000,0.931000,-6.650000,10.220000,0.840000,-4.914000,-0.641000,93.487000,-9.761000,-15.510000,104.000000,82.000000
1359,37376.000,20.014000,-0.020000,-0.214000,1.019000,7.560000,-5.110000,0.910000,-4.918000,-0.570000,93.528999,-9.912000,-13.476000,104.000000,83.000000
1360,37396.000,20.009001,0.174000,-0.061000,0.897000,12.320000,-8.680000,-1.120000,-4.579000,-0.954000,93.518997,-9.281000,-15.811000,104.000000,82.000000
1361,37416.000,20.009001,0.136000,-0.080000,1.003000,-17.850000,5.250000,0.630000,-4.808000,-1.039000,93.509003,-9.437000,-17.796000,104.000000,81.000000
1362,37436.000,20.016001,0.043000,-0.190000,0.971000,-4.550000,2.030000,-0.770000,-5.096000,-0.886000,93.505997,-10.147000,-16.405001,105.000000,81.000000
1363,37456.000,20.007000,-0.020000,-0.181000,1.011000,5.250000,-20.020000,-2.520000,-5.101000,-1.088000,93.513000,-10.254000,-15.616000,105.000000,82.000000
1364,37475.000,20.017000,-0.013000,-0.088000,1.090000,-8.890000,-2.240000,-0.490000,-5.195000,-0.922000,93.500999,-10.300000,-16.233000,105.000000,81.000000
1365,37495.000,20.004999,0.054000,-0.152000,1.012000,-6.860000,6.370000,0.980000,-5.477000,-0.616000,93.516998,-10.886000,-14.948000,105.000000,82.000000
1366,37515.000,20.007999,-0.026000,-0.163000,1.000000,16.870001,-10.710000,0.140000,-5.213000,-0.610000,93.553001,-10.595000,-13.201000,105.000000,83.000000
1367,37535.000,20.009001,0.116000,-0.041000,0.928000,12.180000,-0.840000,0.630000,-4.771000,-0.737000,93.551003,-9.663000,-15.075000,104.000000,82.000000
1368,37555.000,20.007000,0.066000,-0.104000,0.958000,-7.910000,12.250000,2.520000,-4.845000,-0.277000,93.565002,-9.610000,-13.164000,104.000000,83.000000
1369,37575.000,20.000999,0.003000,-0.214000,0.994000,9.240000,-5.040000,0.630000,-4.845000,-0.239000,93.602997,-9.783000,-11.166000,104.000000,84.000000
1370,37595.000,20.013000,0.194000,-0.039000,0.881000,12.810000,-7.350000,-0.490000,-4.488000,-0.591000,93.601997,-9.103000,-13.402000,104.000000,83.000000
1371,37614.000,20.006001,0.124000,-0.082000,0.989000,-17.080000,7.210000,17.219999,-4.737000,-0.606000,93.919998,-9.304000,-14.960000,104.000000,82.000000
1372,37634.000,20.023001,0.045000,-0.189000,1.007000,-3.150000,3.290000,0.490000,-5.003000,-0.433000,93.938004,-9.975000,-13.358000,104.000000,83.000000
1373,37654.000,20.016001,0.007000,-0.174000,1.006000,4.970000,-18.480000,-2.800000,-5.041000,-0.623000,93.936996,-10.131000,-12.511000,105.000000,83.000000
1374,37674.000,20.007000,0.033000,-0.095000,1.040000,-8.050000,-2.170000,0.630000,-5.089000,-0.467000,93.945999,-10.098000,-13.053000,105.000000,83.000000
1375,37694.000,20.009001,0.064000,-0.137000,0.967000,-6.300000,6.720000,1.260000,-5.408000,-0.205000,93.969002,-10.753000,-12.108000,105.000000,83.000000
1376,37714.000,20.014000,-0.062000,-0.206000,1.035000,15.260000,-12.880000,-0.350000,-5.213000,-0.259000,94.001999,-10.578000,-10.528000,105.000000,84.000000
1377,37733.000,20.010000,0.076000,-0.056000,1.008000,12.600000,-1.820000,2.590000,-4.736000,-0.291000,94.041000,-9.599000,-11.857000,104.000000,84.000000
1378,37753.000,20.004000,0.100000,-0.105000,0.959000,-8.470000,11.830000,1.540000,-4.869000,-0.278000,94.042000,-9.653000,-13.132000,104.000000,83.000000
1379,37773.000,20.007999,-0.012000,-0.213000,0.976000,8.610000,-5.320000,1.050000,-4.871000,-0.230000,94.087997,-9.829000,-11.081000,104.000000,84.000000
1380,37793.000,20.006001,0.184000,-0.043000,0.890000,13.930000,-8.330000,-0.350000,-4.488000,-0.600000,94.091003,-9.114000,-13.367000,104.000000,83.000000
1381,37813.000,20.002001,0.132000,-0.095000,1.053000,-16.730000,4.760000,-0.770000,-4.727000,-0.717000,94.057999,-9.287000,-15.493000,104.000000,82.000000
1382,37833.000,20.007999,0.044000,-0.217000,1.017000,-3.150000,3.010000,0.630000,-5.002000,-0.567000,94.081001,-9.972000,-14.269000,104.000000,82.000000
1383,37852.000,20.011999,-0.010000,-0.185000,1.034000,5.320000,-19.040001,-2.940000,-5.020000,-0.760000,94.078003,-10.093000,-13.415000,105.000000,83.000000
1384,37872.000,20.004000,-0.001000,-0.082000,1.051000,-8.680000,-1.890000,0.210000,-5.094000,-0.592000,94.078003,-10.102000,-13.958000,105.000000,83.000000
1385,37892.000,20.010000,0.056000,-0.137000,0.969000,-6.720000,5.880000,0.210000,-5.377000,-0.301000,94.080002,-10.688000,-12.696000,105.000000,83.000000
1386,37912.000,20.016001,-0.036000,-0.184000,1.028000,16.170000,-12.600000,0.490000,-5.155000,-0.343000,94.127998,-10.472000,-11.139000,105.000000,84.000000
1387,37932.000,20.013000,0.046000,-0.054000,0.982000,12.180000,-1.890000,1.330000,-4.706000,-0.284000,94.143997,-9.534000,-11.801000,104.000000,84.000000
1388,37952.000,20.000999,0.107000,-0.107000,0.973000,-7.910000,11.480000,1.470000,-4.836000,-0.280000,94.144997,-9.592000,-13.107000,104.000000,83.000000
1389,37971.000,20.010000,-0.014000,-0.193000,1.006000,8.050000,-5.740000,0.700000,-4.823000,-0.216000,94.182999,-9.727000,-10.938000,104.000000,84.000000
1390,37991.000,20.004999,0.178000,-0.061000,0.927000,14.070000,-7.210000,-0.630000,-4.453000,-0.572000,94.179001,-9.047000,-13.282000,104.000000,83.000000
1391,38011.000,20.002001,0.121000,-0.084000,1.023000,-15.960000,3.850000,-0.910000,-4.637000,-0.684000,94.141998,-9.115000,-15.174000,104.000000,82.000000
1392,38031.000,20.004000,0.045000,-0.188000,0.997000,-2.520000,3.640000,0.910000,-4.892000,-0.505000,94.168999,-9.759000,-13.900000,104.000000,83.000000
1393,38051.000,20.006001,-0.007000,-0.179000,1.020000,4.970000,-19.600000,-3.500000,-4.918000,-0.712000,94.154999,-9.886000,-13.022000,104.000000,83.000000
1394,38071.000,20.014999,0.021000,-0.078000,1.024000,-9.240000,-1.120000,-0.420000,-4.977000,-0.545000,94.139000,-9.861000,-13.706000,104.000000,83.000000
1395,38090.000,20.014000,0.032000,-0.143000,0.949000,-7.770000,4.830000,0.770000,-5.262000,-0.258000,94.152000,-10.446000,-12.292000,105.000000,83.000000
1396,38110.000,20.006001,-0.027000,-0.170000,1.040000,16.030001,-13.020000,-0.700000,-5.026000,-0.305000,94.176003,-10.212000,-10.834000,105.000000,84.000000
1397,38130.000,20.007999,0.079000,-0.048000,0.940000,11.060000,-1.610000,2.030000,-4.581000,-0.360000,94.203003,-9.273000,-12.358000,104.000000,83.000000
1398,38150.000,20.006001,0.114000,-0.107000,0.959000,-7.140000,11.830000,0.840000,-4.721000,-0.351000,94.193001,-9.372000,-13.643000,104.000000,83.000000
src_seq,t_ms,dt_ms,ax,ay,az,gx,gy,gz,roll,pitch,yaw,pid_roll,pid_pitch,sv1,sv3
1399,38170.000,20.010000,-0.011000,-0.212000,0.996000,8.050000,-4.760000,0.000000,-4.732000,-0.292000,94.217003,-9.544000,-11.569000,104.000000,84.000000
1400,38190.000,20.011999,0.149000,-0.039000,0.927000,14.490000,-7.980000,-0.770000,-4.293000,-0.627000,94.208000,-8.730000,-13.589000,104.000000,83.000000
1401,38209.000,20.004000,0.125000,-0.084000,1.019000,-16.170000,4.970000,-0.630000,-4.496000,-0.726000,94.175003,-8.830000,-15.578000,104.000000,82.000000
1402,38229.000,20.017000,0.031000,-0.189000,1.013000,-2.940000,2.170000,0.980000,-4.743000,-0.548000,94.205002,-9.457000,-14.050000,104.000000,82.000000
1403,38249.000,20.044001,0.025000,-0.180000,0.999000,5.250000,-19.389999,-2.660000,-4.812000,-0.790000,94.209999,-9.676000,-13.589000,104.000000,83.000000
1404,38269.000,20.000999,0.014000,-0.092000,0.982000,-9.240000,-0.840000,0.840000,-4.931000,-0.587000,94.223000,-9.769000,-14.023000,104.000000,82.000000
1405,38289.000,20.010000,0.042000,-0.132000,0.975000,-7.350000,5.810000,0.420000,-5.171000,-0.261000,94.224998,-10.269000,-12.409000,105.000000,83.000000
1406,38309.000,20.016001,-0.034000,-0.174000,0.989000,15.470000,-12.390000,0.350000,-4.965000,-0.300000,94.268997,-10.085000,-10.862000,105.000000,84.000000
1407,38329.000,20.009001,0.093000,-0.064000,0.971000,11.760000,-1.540000,1.260000,-4.517000,-0.408000,94.280998,-9.152000,-12.701000,104.000000,83.000000
1408,38348.000,20.007999,0.112000,-0.103000,0.940000,-7.000000,10.150000,1.470000,-4.650000,-0.431000,94.288002,-9.231000,-14.034000,104.000000,82.000000
1409,38368.000,20.032000,-0.016000,-0.206000,1.022000,6.090000,-6.510000,0.700000,-4.687000,-0.391000,94.329002,-9.435000,-12.086000,104.000000,83.000000
1410,38388.000,20.017000,0.133000,-0.057000,0.924000,13.090000,-6.300000,-1.190000,-4.284000,-0.700000,94.306999,-8.698000,-14.270000,104.000000,82.000000
1411,38408.000,20.002001,0.130000,-0.073000,1.017000,-15.960000,5.950000,0.630000,-4.461000,-0.761000,94.294998,-8.762000,-15.920000,104.000000,82.000000
1412,38428.000,20.014999,0.048000,-0.203000,1.017000,-2.100000,2.730000,-17.290001,-4.685000,-0.655000,93.961998,-9.349000,-14.856000,104.000000,82.000000
1413,38448.000,20.017000,-0.005000,-0.169000,1.048000,5.530000,-18.830000,-4.270000,-4.680000,-0.837000,93.928001,-9.415000,-13.975000,104.000000,83.000000
1414,38467.000,20.014000,0.026000,-0.097000,1.053000,-8.260000,-1.680000,-0.280000,-4.769000,-0.656000,93.919998,-9.456000,-14.425000,104.000000,82.000000
1415,38487.000,20.013000,0.026000,-0.137000,0.963000,-6.090000,5.110000,0.350000,-4.991000,-0.347000,93.922997,-9.920000,-12.943000,104.000000,83.000000
1416,38507.000,20.010000,-0.059000,-0.160000,1.031000,17.290001,-11.690000,-0.140000,-4.706000,-0.359000,93.952003,-9.586000,-11.343000,104.000000,84.000000
1417,38527.000,20.003000,0.115000,-0.054000,0.946000,11.200000,-2.100000,1.750000,-4.305000,-0.539000,93.977997,-8.722000,-13.561000,104.000000,83.000000
1418,38547.000,20.006001,0.131000,-0.114000,0.925000,-7.140000,11.480000,2.310000,-4.509000,-0.526000,94.003998,-8.946000,-14.828000,104.000000,82.000000
1419,38567.000,20.011000,0.010000,-0.194000,1.009000,6.370000,-5.600000,17.570000,-4.583000,-0.448000,94.379997,-9.230000,-12.574000,104.000000,83.000000
src_seq,t_ms,dt_ms,ax,ay,az,gx,gy,gz,roll,pitch,yaw,pid_roll,pid_pitch,sv1,sv3
1420,38586.000,20.002001,0.175000,-0.070000,0.908000,13.090000,-7.560000,-0.770000,-4.254000,-0.819000,94.375999,-8.640000,-14.975000,104.000000,82.000000
1421,38606.000,20.025999,0.133000,-0.091000,1.051000,-15.820000,4.270000,-0.140000,-4.470000,-0.940000,94.355003,-8.781000,-17.010000,104.000000,81.000000
1422,38626.000,20.017000,0.036000,-0.194000,1.006000,-1.260000,2.660000,0.490000,-4.690000,-0.764000,94.375999,-9.367000,-15.616000,104.000000,82.000000
1425,38686.000,20.000999,0.002000,-0.174000,0.994000,-8.120000,4.200000,0.000000,-5.027000,-0.517000,94.360001,-9.974000,-14.041000,104.000000,82.000000
1426,38705.000,20.014999,-0.041000,-0.190000,1.052000,15.890000,-12.600000,-0.490000,-4.815000,-0.564000,94.389000,-9.789000,-12.691000,104.000000,83.000000
1427,38725.000,20.035999,0.023000,-0.073000,1.057000,9.240000,-2.380000,1.540000,-4.492000,-0.430000,94.414001,-9.075000,-12.774000,104.000000,83.000000
1428,38745.000,20.002001,0.089000,-0.116000,0.981000,-7.280000,10.990000,0.840000,-4.765000,-0.398000,94.416000,-9.457000,-13.884000,104.000000,83.000000
1429,38765.000,20.014999,0.001000,-0.158000,1.025000,8.680000,-6.160000,0.700000,-4.697000,-0.314000,94.453003,-9.481000,-11.583000,104.000000,84.000000
1430,38785.000,20.007999,0.183000,-0.062000,0.915000,14.000000,-7.630000,-0.560000,-4.338000,-0.682000,94.452003,-8.815000,-14.009000,104.000000,82.000000
1431,38804.000,20.002001,0.127000,-0.098000,1.059000,-16.379999,3.150000,-0.770000,-4.577000,-0.833000,94.422997,-8.991000,-16.146999,104.000000,81.000000
1432,38824.000,20.014999,0.019000,-0.195000,1.025000,-2.240000,2.660000,0.630000,-4.795000,-0.628000,94.444000,-9.568000,-14.661000,104.000000,82.000000
1433,38844.000,20.025999,0.006000,-0.170000,1.017000,4.970000,-19.250000,-2.660000,-4.824000,-0.826000,94.445000,-9.697000,-13.858000,104.000000,83.000000
1434,38864.000,20.014000,0.008000,-0.093000,1.017000,-8.120000,-1.400000,0.210000,-4.919000,-0.636000,94.446999,-9.756000,-14.312000,104.000000,82.000000
1435,38884.000,20.014999,0.030000,-0.146000,0.985000,-6.230000,5.250000,0.350000,-5.160000,-0.334000,94.449997,-10.257000,-12.860000,105.000000,83.000000
1436,38904.000,20.010000,-0.037000,-0.172000,1.023000,16.240000,-12.390000,-0.840000,-4.922000,-0.369000,94.470001,-10.007000,-11.346000,105.000000,84.000000
1437,38924.000,20.016001,0.078000,-0.049000,1.012000,13.160000,-1.750000,1.890000,-4.434000,-0.399000,94.494003,-9.000000,-12.616000,104.000000,83.000000
1438,38943.000,20.004999,0.128000,-0.099000,0.956000,-9.100000,12.460000,1.120000,-4.594000,-0.376000,94.487999,-9.097000,-13.880000,104.000000,83.000000
1439,38963.000,20.016001,-0.008000,-0.191000,1.014000,6.650000,-5.110000,0.070000,-4.614000,-0.306000,94.512001,-9.295000,-11.632000,104.000000,84.000000
1440,38983.000,20.017000,0.167000,-0.039000,0.904000,14.070000,-7.490000,-0.490000,-4.211000,-0.650000,94.509003,-8.563000,-13.801000,104.000000,83.000000
1441,39003.000,20.010000,0.133000,-0.089000,1.042000,-18.760000,4.060000,-0.420000,-4.493000,-0.780000,94.485001,-8.798000,-15.867000,104.000000,82.000000
1442,39023.000,20.000999,0.037000,-0.200000,1.001000,-2.240000,2.450000,0.000000,-4.739000,-0.622000,94.496002,-9.456000,-14.602000,104.000000,82.000000
1443,39043.000,20.007000,-0.023000,-0.170000,1.007000,4.830000,-19.389999,-2.520000,-4.747000,-0.810000,94.499001,-9.542000,-13.728000,104.000000,83.000000
1444,39062.000,20.004999,-0.009000,-0.082000,0.996000,-8.750000,-1.820000,-0.770000,-4.846000,-0.632000,94.481003,-9.605000,-14.243000,104.000000,82.000000
1445,39082.000,20.011999,0.030000,-0.151000,1.018000,-8.960000,4.900000,0.840000,-5.143000,-0.336000,94.495003,-10.197000,-12.840000,105.000000,83.000000
1446,39102.000,20.004999,-0.045000,-0.179000,1.019000,16.590000,-12.390000,-0.070000,-4.907000,-0.373000,94.530998,-9.980000,-11.370000,104.000000,84.000000
1447,39122.000,20.006001,0.041000,-0.035000,0.998000,13.440000,-1.960000,1.330000,-4.431000,-0.319000,94.545998,-8.997000,-12.035000,104.000000,83.000000
1448,39142.000,20.003000,0.110000,-0.112000,0.980000,-6.440000,11.200000,2.380000,-4.597000,-0.316000,94.571999,-9.129000,-13.335000,104.000000,83.000000
1449,39162.000,20.006001,0.017000,-0.170000,0.997000,7.070000,-6.370000,-0.420000,-4.617000,-0.281000,94.589996,-9.304000,-11.327000,104.000000,84.000000
1450,39181.000,20.006001,0.155000,-0.046000,0.928000,13.510000,-7.910000,0.420000,-4.218000,-0.626000,94.605003,-8.572000,-13.590000,104.000000,83.000000
1451,39201.000,20.007999,0.123000,-0.084000,1.027000,-17.990000,3.290000,-0.980000,-4.456000,-0.758000,94.569000,-8.732000,-15.636000,104.000000,82.000000
1452,39221.000,20.000999,0.039000,-0.190000,1.008000,-3.360000,3.010000,-0.420000,-4.720000,-0.583000,94.570000,-9.406000,-14.380000,104.000000,82.000000
1453,39241.000,20.004999,-0.011000,-0.174000,1.021000,4.550000,-18.830000,-1.960000,-4.749000,-0.766000,94.584000,-9.543000,-13.476000,104.000000,83.000000
1454,39261.000,20.004999,0.045000,-0.099000,1.006000,-7.560000,-1.260000,-0.210000,-4.814000,-0.580000,94.574997,-9.552000,-13.935000,104.000000,83.000000
1455,39281.000,20.007999,0.009000,-0.136000,0.991000,-8.330000,5.180000,0.630000,-5.046000,-0.256000,94.580002,-10.008000,-12.312000,105.000000,83.000000
1456,39300.000,20.014000,-0.044000,-0.194000,1.050000,17.639999,-12.460000,-1.120000,-4.804000,-0.305000,94.596001,-9.784000,-10.892000,104.000000,84.000000
1457,39320.000,20.013000,0.050000,-0.050000,0.977000,13.020000,-1.470000,1.610000,-4.333000,-0.251000,94.614998,-8.796000,-11.607000,104.000000,84.000000
1458,39340.000,20.000999,0.109000,-0.106000,0.967000,-7.980000,12.180000,1.470000,-4.505000,-0.233000,94.620003,-8.930000,-12.851000,104.000000,83.000000
1459,39360.000,20.014999,0.008000,-0.186000,0.990000,8.120000,-6.160000,0.210000,-4.516000,-0.204000,94.650002,-9.113000,-10.809000,104.000000,84.000000
1460,39380.000,20.007000,0.166000,-0.031000,0.946000,13.300000,-6.930000,-0.560000,-4.110000,-0.524000,94.642998,-8.352000,-12.974000,104.000000,83.000000
1461,39400.000,20.004000,0.094000,-0.113000,1.042000,-16.940001,3.430000,-0.560000,-4.545000,-0.662000,94.633003,-8.921000,-14.979000,104.000000,82.000000
1462,39419.000,20.011000,0.005000,-0.160000,1.013000,-2.170000,2.730000,1.190000,-4.708000,-0.409000,94.660004,-9.395000,-13.136000,104.000000,83.000000
1463,39439.000,20.013000,0.001000,-0.168000,1.029000,5.250000,-20.719999,-2.730000,-4.725000,-0.633000,94.662003,-9.503000,-12.358000,104.000000,83.000000
1464,39459.000,20.011000,0.087000,-0.092000,1.000000,-8.960000,-1.680000,16.730000,-4.710000,-0.683000,94.981003,-9.330000,-14.616000,104.000000,82.000000
1465,39479.000,20.009001,0.018000,-0.190000,0.990000,-6.580000,6.370000,0.910000,-5.017000,-0.407000,94.999001,-9.968000,-13.485000,104.000000,83.000000
1466,39499.000,20.014999,-0.026000,-0.191000,1.045000,17.850000,-13.720000,-0.770000,-4.781000,-0.486000,95.025002,-9.741000,-12.027000,104.000000,83.000000
1467,39519.000,20.016001,0.006000,-0.088000,1.093000,8.330000,-2.520000,1.820000,-4.520000,-0.326000,95.059998,-9.123000,-12.029000,104.000000,83.000000
1468,39539.000,20.016001,0.059000,-0.121000,0.980000,-6.580000,9.730000,0.490000,-4.791000,0.050000,95.057999,-9.515000,-10.620000,104.000000,84.000000
1469,39558.000,20.006001,0.010000,-0.168000,1.042000,8.260000,-4.970000,0.910000,-4.764000,0.138000,95.097000,-9.611000,-8.533000,104.000000,85.000000
1470,39578.000,20.002001,0.161000,-0.043000,0.967000,12.670000,-4.410000,0.420000,-4.379000,-0.136000,95.105003,-8.885000,-10.490000,104.000000,84.000000
1471,39598.000,20.003000,0.139000,-0.088000,1.007000,-15.820000,6.370000,17.500000,-4.651000,-0.189000,95.435997,-9.145000,-11.956000,104.000000,84.000000
1472,39618.000,20.014000,0.055000,-0.193000,0.991000,-1.540000,1.750000,1.050000,-4.906000,-0.098000,95.469002,-9.796000,-10.864000,104.000000,84.000000
1473,39638.000,20.013000,0.009000,-0.148000,1.009000,5.600000,-19.459999,-2.940000,-4.888000,-0.283000,95.462997,-9.833000,-10.037000,104.000000,84.000000
1474,39658.000,20.007999,0.091000,-0.100000,0.973000,-8.400000,-1.190000,0.700000,-4.910000,-0.481000,95.468002,-9.735000,-13.246000,104.000000,83.000000
1475,39677.000,20.010000,0.023000,-0.139000,0.978000,-5.320000,5.320000,0.700000,-5.107000,-0.163000,95.475998,-10.161000,-11.673000,105.000000,84.000000
1476,39697.000,20.042000,0.001000,-0.194000,1.096000,13.300000,-13.790000,-1.260000,-4.981000,-0.257000,95.495003,-10.094000,-10.422000,105.000000,84.000000
1477,39717.000,20.003000,-0.002000,-0.085000,1.081000,9.450000,-1.960000,1.190000,-4.688000,-0.092000,95.515999,-9.470000,-10.447000,104.000000,84.000000
1478,39737.000,20.011000,0.096000,-0.111000,0.978000,-6.300000,10.220000,1.330000,-4.809000,-0.114000,95.518997,-9.555000,-11.822000,104.000000,84.000000
1479,39757.000,20.002001,0.055000,-0.131000,0.974000,7.490000,-5.250000,0.000000,-4.832000,-0.067000,95.542999,-9.739000,-9.942000,104.000000,85.000000
1480,39777.000,20.011000,0.211000,-0.075000,0.966000,11.270000,-4.900000,-0.420000,-4.548000,-0.386000,95.541000,-9.209000,-12.215000,104.000000,83.000000
1481,39796.000,20.010000,0.139000,-0.117000,0.976000,-19.389999,6.510000,0.910000,-4.966000,-0.481000,95.546997,-9.738000,-14.021000,104.000000,82.000000
1482,39816.000,20.004999,0.055000,-0.169000,0.954000,-1.820000,0.070000,-0.210000,-5.216000,-0.399000,95.559998,-10.414000,-12.801000,105.000000,83.000000
1483,39836.000,20.017000,0.035000,-0.150000,0.974000,5.740000,-19.389999,-1.750000,-5.238000,-0.603000,95.583000,-10.532000,-12.282000,105.000000,83.000000
1484,39856.000,20.010000,0.105000,-0.086000,0.927000,-7.070000,-0.490000,1.120000,-5.221000,-0.774000,95.593002,-10.371000,-15.371000,105.000000,82.000000
1485,39876.000,20.002001,0.022000,-0.143000,0.974000,-6.860000,6.020000,0.630000,-5.439000,-0.439000,95.597000,-10.809000,-13.674000,105.000000,83.000000
1486,39896.000,20.000999,0.009000,-0.215000,1.084000,11.550000,-13.370000,-0.630000,-5.371000,-0.543000,95.630997,-10.858000,-12.464000,105.000000,83.000000
1487,39915.000,20.011000,-0.009000,-0.149000,1.122000,7.210000,-3.010000,1.890000,-5.248000,-0.370000,95.678001,-10.567000,-12.289000,105.000000,83.000000
1488,39935.000,20.007000,0.075000,-0.110000,0.967000,-7.070000,9.380000,1.680000,-5.162000,-0.174000,95.670998,-10.253000,-12.156000,105.000000,83.000000
1489,39955.000,20.032000,0.111000,-0.170000,1.000000,6.930000,-5.320000,0.000000,-5.204000,-0.418000,95.696999,-10.478000,-12.396000,105.000000,83.000000
1490,39975.000,20.014999,0.266000,-0.102000,0.984000,8.470000,-4.200000,0.700000,-5.014000,-0.728000,95.719002,-10.113000,-14.673000,105.000000,82.000000
1491,39995.000,20.011999,0.128000,-0.117000,0.975000,-18.059999,8.750000,1.120000,-5.377000,-0.780000,95.721001,-10.573000,-16.332001,105.000000,81.000000
1492,40015.000,20.007000,0.053000,-0.177000,0.965000,-2.240000,0.210000,0.000000,-5.625000,-0.669000,95.737000,-11.227000,-14.705000,105.000000,82.000000
1493,40035.000,20.014000,0.062000,-0.157000,0.987000,6.930000,-19.740000,-1.890000,-5.672000,-0.930000,95.765999,-11.414000,-14.537000,105.000000,82.000000
1494,40054.000,20.007000,0.128000,-0.076000,0.938000,-6.930000,-0.910000,3.080000,-5.653000,-1.101000,95.816002,-11.237000,-17.618000,105.000000,81.000000
1495,40074.000,20.003000,0.000000,-0.156000,0.986000,-4.410000,6.440000,-0.560000,-5.804000,-0.756000,95.792999,-11.564000,-15.933000,105.000000,82.000000
1496,40094.000,20.002001,0.005000,-0.210000,1.104000,12.250000,-15.750000,-2.870000,-5.690000,-0.888000,95.789001,-11.502000,-14.638000,105.000000,82.000000
1497,40114.000,20.009001,0.002000,-0.153000,1.149000,3.430000,-3.220000,1.190000,-5.629000,-0.720000,95.820999,-11.293000,-14.718000,105.000000,82.000000
1498,40134.000,20.000999,0.070000,-0.116000,0.984000,-8.610000,10.010000,1.470000,-5.644000,-0.355000,95.810997,-11.201000,-13.485000,105.000000,83.000000
1499,40154.000,20.010000,0.035000,-0.185000,1.002000,9.450000,-5.950000,-1.120000,-5.633000,-0.333000,95.818001,-11.361000,-11.733000,105.000000,84.000000
1500,40174.000,20.007999,0.180000,-0.073000,1.030000,13.160000,-4.830000,-0.070000,-5.252000,-0.625000,95.819000,-10.635000,-13.890000,105.000000,83.000000
1501,40193.000,20.004999,0.141000,-0.123000,1.035000,-17.570000,5.880000,0.070000,-5.583000,-0.736000,95.805000,-10.991000,-15.738000,105.000000,82.000000
1502,40213.000,20.000999,0.052000,-0.173000,0.984000,-2.170000,1.190000,0.770000,-5.817000,-0.580000,95.833000,-11.612000,-14.181000,105.000000,82.000000
1503,40233.000,20.014000,0.030000,-0.163000,0.988000,7.000000,-18.900000,-2.310000,-5.796000,-0.765000,95.847000,-11.662000,-13.464000,105.000000,83.000000
1504,40253.000,20.010000,0.136000,-0.088000,0.946000,-5.110000,-0.770000,0.910000,-5.771000,-0.968000,95.856003,-11.492000,-16.698000,105.000000,81.000000
1505,40273.000,20.007000,0.014000,-0.143000,0.973000,-5.250000,6.160000,0.490000,-5.919000,-0.620000,95.852997,-11.785000,-14.954000,105.000000,82.000000
1506,40293.000,20.007999,-0.002000,-0.193000,1.082000,15.050000,-15.680000,-0.840000,-5.723000,-0.728000,95.886002,-11.597000,-13.530000,105.000000,83.000000
1507,40312.000,20.007000,0.040000,-0.073000,1.150000,9.590000,-2.520000,1.260000,-5.349000,-0.644000,95.903000,-10.794000,-14.255000,105.000000,82.000000
1508,40332.000,20.014999,0.115000,-0.101000,0.964000,-6.440000,10.920000,0.490000,-5.366000,-0.627000,95.876999,-10.668000,-15.481000,105.000000,82.000000
1509,40352.000,20.010000,-0.001000,-0.183000,1.015000,8.400000,-5.880000,0.140000,-5.325000,-0.552000,95.903999,-10.734000,-13.273000,105.000000,83.000000
1510,40372.000,20.017000,0.158000,-0.044000,0.951000,11.550000,-7.420000,-0.280000,-4.940000,-0.869000,95.903999,-9.996000,-15.340000,104.000000,82.000000
1511,40392.000,20.014000,0.134000,-0.102000,1.050000,-17.150000,3.850000,-0.490000,-5.179000,-0.999000,95.875999,-10.187000,-17.375000,105.000000,81.000000
1512,40412.000,20.004000,0.029000,-0.196000,1.003000,-1.050000,1.960000,0.700000,-5.378000,-0.812000,95.901001,-10.745000,-15.877000,105.000000,82.000000
1513,40432.000,20.004000,0.016000,-0.133000,0.996000,6.090000,-19.320000,-3.430000,-5.281000,-0.976000,95.883003,-10.622000,-14.903000,105.000000,82.000000
1514,40451.000,20.013000,0.116000,-0.122000,0.966000,-6.860000,-1.470000,1.820000,-5.433000,-1.229000,95.924004,-10.798000,-18.455000,105.000000,80.000000
1515,40471.000,20.004999,0.021000,-0.141000,0.983000,-6.440000,4.410000,0.140000,-5.615000,-0.918000,95.919998,-11.165000,-16.870001,105.000000,81.000000
1516,40491.000,20.010000,-0.032000,-0.179000,1.044000,17.639999,-11.410000,-0.560000,-5.339000,-0.930000,95.945000,-10.855000,-15.370000,105.000000,82.000000
1517,40511.000,20.002001,0.016000,-0.058000,1.043000,10.080000,-2.240000,1.820000,-4.983000,-0.807000,95.973999,-10.067000,-15.427000,105.000000,82.000000
1518,40531.000,20.011000,0.087000,-0.103000,0.961000,-6.720000,9.240000,1.610000,-4.909000,-0.714000,95.966003,-9.751000,-15.923000,104.000000,82.000000
1519,40551.000,20.011000,0.049000,-0.162000,0.994000,6.790000,-5.810000,0.700000,-4.957000,-0.688000,96.009003,-9.983000,-14.234000,104.000000,82.000000
1520,40571.000,20.016001,0.194000,-0.082000,0.962000,9.870000,-6.300000,-0.210000,-4.699000,-1.034000,96.014000,-9.497000,-16.608000,104.000000,81.000000
1521,40590.000,20.016001,0.155000,-0.100000,0.989000,-17.780001,7.070000,-0.350000,-5.010000,-1.119000,95.987000,-9.842000,-18.540001,104.000000,80.000000
1522,40610.000,20.002001,0.049000,-0.194000,1.022000,17.570000,0.280000,0.490000,-4.854000,-0.992000,96.014000,-9.885000,-16.969000,104.000000,81.000000
1523,40630.000,20.014000,0.000000,-0.157000,1.017000,6.370000,-20.440001,-3.220000,-4.815000,-1.194000,96.004997,-9.694000,-16.315001,104.000000,81.000000
1524,40650.000,20.017000,0.080000,-0.083000,0.958000,-9.240000,-1.120000,1.050000,-4.783000,-1.151000,96.009003,-9.474000,-17.945000,104.000000,81.000000
1525,40670.000,20.017000,0.018000,-0.161000,0.977000,-5.740000,7.140000,0.140000,-5.025000,-0.818000,96.005997,-9.992000,-16.443001,104.000000,81.000000
1526,40690.000,20.013000,-0.019000,-0.193000,1.054000,14.280000,-12.670000,0.280000,-4.861000,-0.873000,96.052002,-9.865000,-14.846000,104.000000,82.000000
1527,40709.000,20.002001,0.022000,-0.058000,1.049000,9.730000,-2.450000,1.610000,-4.514000,-0.753000,96.075996,-9.125000,-15.026000,104.000000,82.000000
1528,40729.000,20.016001,0.094000,-0.113000,0.977000,-6.230000,8.890000,2.030000,-4.733000,-0.779000,96.105003,-9.404000,-16.344999,104.000000,81.000000
1529,40749.000,20.011999,0.026000,-0.161000,0.968000,8.400000,-5.950000,-0.070000,-4.719000,-0.726000,96.129997,-9.522000,-14.490000,104.000000,82.000000
1530,40769.000,20.004000,0.162000,-0.044000,0.920000,10.920000,-6.230000,-0.420000,-4.367000,-1.038000,96.124001,-8.843000,-16.639999,104.000000,81.000000
1531,40789.000,20.011999,0.156000,-0.082000,0.984000,-15.610000,7.560000,17.709999,-4.633000,-1.065000,96.455002,-9.111000,-18.208000,104.000000,80.000000
1532,40809.000,20.004000,0.040000,-0.211000,1.022000,-0.560000,0.770000,0.560000,-4.846000,-0.937000,96.482002,-9.687000,-16.636999,104.000000,81.000000
1533,40828.000,20.011000,0.007000,-0.147000,1.015000,4.970000,-20.370001,-1.960000,-4.825000,-1.131000,96.496002,-9.699000,-15.878000,104.000000,82.000000
1534,40848.000,20.011000,0.106000,-0.103000,0.987000,-9.170000,-0.910000,-0.700000,-4.878000,-1.340000,96.473000,-9.664000,-19.289000,104.000000,80.000000
1535,40868.000,20.011999,0.028000,-0.135000,0.992000,-5.950000,5.110000,1.330000,-5.061000,-1.015000,96.492996,-10.062000,-17.618000,105.000000,81.000000
1536,40888.000,20.004999,-0.035000,-0.186000,1.074000,14.560000,-13.510000,-1.400000,-4.862000,-1.077000,96.504997,-9.869000,-16.186001,104.000000,81.000000
1537,40908.000,20.014999,-0.007000,-0.090000,1.045000,14.070000,-1.680000,1.400000,-4.513000,-0.890000,96.531998,-9.167000,-16.063999,104.000000,81.000000
1538,40928.000,20.014000,0.119000,-0.118000,0.941000,1.260000,8.960000,2.800000,-4.572000,-0.919000,96.574997,-9.156000,-17.327999,104.000000,81.000000
1539,40947.000,20.007000,0.112000,-0.110000,0.960000,10.080000,-5.600000,-0.210000,-4.396000,-1.257000,96.584999,-8.892000,-18.240999,104.000000,80.000000
1540,40967.000,20.006001,0.205000,-0.152000,0.978000,17.639999,-8.120000,-3.570000,-4.124000,-1.637000,96.538002,-8.424000,-20.646999,104.000000,79.000000
1541,40987.000,20.004000,-0.165000,-0.152000,0.798000,-20.719999,19.250000,3.640000,-4.603000,-1.026000,96.573997,-8.999000,-19.108000,104.000000,80.000000
1542,41007.000,20.004000,0.225000,-0.204000,1.109000,-11.620000,-5.250000,0.910000,-4.961000,-1.320000,96.615997,-9.806000,-18.712999,104.000000,80.000000
1543,41027.000,20.014999,-0.137000,-0.051000,0.987000,-11.970000,-16.590000,-6.510000,-5.129000,-1.446000,96.519997,-10.139000,-18.462999,105.000000,80.000000
1544,41047.000,20.016001,0.123000,-0.207000,1.066000,-23.520000,-2.730000,0.280000,-5.822000,-1.553000,96.554001,-11.410000,-20.596001,105.000000,79.000000
1545,41067.000,20.017000,0.027000,-0.113000,0.742000,8.470000,0.980000,2.450000,-5.722000,-1.307000,96.606003,-11.529000,-19.249001,105.000000,80.000000
1546,41086.000,20.007000,-0.015000,-0.149000,1.003000,26.459999,-12.040000,1.610000,-5.233000,-1.316000,96.672997,-10.732000,-18.007999,105.000000,80.000000
1547,41106.000,20.009001,0.005000,-0.055000,1.016000,-6.580000,-2.450000,1.260000,-5.229000,-1.182000,96.691002,-10.392000,-18.028999,105.000000,80.000000
1548,41126.000,20.016001,0.097000,-0.062000,0.865000,-13.790000,10.290000,0.000000,-5.289000,-1.061000,96.647003,-10.440000,-18.454000,105.000000,80.000000
1549,41146.000,20.017000,0.107000,-0.169000,0.851000,12.600000,-4.270000,-3.570000,-5.237000,-1.252000,96.603996,-10.600000,-18.334999,105.000000,80.000000
1550,41166.000,20.003000,0.221000,-0.135000,0.928000,10.710000,-7.630000,1.960000,-5.063000,-1.624000,96.665001,-10.233000,-20.601999,105.000000,79.000000
1551,41186.000,20.009001,0.168000,-0.046000,0.922000,-3.570000,13.230000,3.360000,-4.988000,-1.527000,96.684998,-9.941000,-22.011000,104.000000,78.000000
1552,41205.000,20.011000,0.061000,-0.121000,0.961000,-11.900000,-1.610000,3.360000,-5.277000,-1.326000,96.760002,-10.435000,-19.124001,105.000000,80.000000
1553,41225.000,20.013000,0.015000,-0.127000,0.943000,3.290000,-7.000000,-4.550000,-5.234000,-1.250000,96.689003,-10.500000,-18.049000,105.000000,80.000000
1554,41245.000,20.011000,0.041000,-0.155000,1.061000,-6.510000,-1.260000,-3.150000,-5.447000,-1.071000,96.638000,-10.830000,-17.374001,105.000000,81.000000
1555,41265.000,20.009001,0.080000,-0.135000,0.785000,17.570000,5.180000,2.030000,-5.319000,-1.020000,96.684998,-10.814000,-17.659000,105.000000,81.000000
1556,41285.000,20.004999,0.087000,-0.202000,0.984000,-2.450000,-23.520000,1.400000,-5.604000,-1.480000,96.792000,-11.184000,-18.007000,105.000000,80.000000
1557,41305.000,20.006001,0.000000,-0.157000,1.092000,-13.930000,-3.500000,-2.030000,-5.912000,-1.328000,96.764000,-11.685000,-18.948000,105.000000,80.000000
1558,41324.000,20.003000,0.065000,-0.007000,0.905000,-5.110000,11.970000,6.300000,-5.798000,-1.036000,96.835999,-11.545000,-18.452000,105.000000,80.000000
1559,41344.000,20.004000,0.087000,-0.217000,1.002000,-39.900002,-11.340000,0.770000,-6.828000,-1.248000,96.903000,-13.257000,-17.599001,106.000000,81.000000
1560,41364.000,20.004000,0.054000,-0.120000,0.995000,8.120000,-6.020000,-1.610000,-6.522000,-1.195000,96.876999,-13.126000,-17.763000,106.000000,81.000000
1561,41384.000,20.014999,-0.303000,-0.054000,0.871000,-22.049999,15.190000,3.290000,-6.922000,-0.661000,96.891998,-13.624000,-16.146999,106.000000,81.000000
1562,41404.000,20.006001,0.273000,-0.340000,1.179000,6.300000,-2.030000,0.910000,-6.951000,-0.866000,96.929001,-13.966000,-15.857000,106.000000,82.000000
1563,41424.000,20.002001,0.120000,-0.108000,0.988000,9.240000,-11.900000,-5.180000,-6.580000,-1.258000,96.846001,-13.253000,-17.618000,106.000000,81.000000
1564,41443.000,20.011999,0.018000,-0.157000,0.941000,-19.110001,16.940001,2.310000,-7.019000,-0.694000,96.845001,-13.846000,-16.555000,106.000000,81.000000
1565,41463.000,20.034000,0.106000,-0.169000,1.023000,-2.310000,-0.350000,2.380000,-7.177000,-0.894000,96.903000,-14.331000,-16.221001,107.000000,81.000000
1566,41483.000,20.000999,-0.027000,-0.147000,1.015000,14.420000,-16.520000,-2.450000,-6.862000,-1.001000,96.903000,-13.868000,-15.357000,106.000000,82.000000
1567,41503.000,20.009001,0.077000,-0.064000,0.773000,-7.420000,-11.200000,-4.270000,-6.781000,-1.273000,96.832001,-13.487000,-17.788000,106.000000,81.000000
1568,41523.000,20.011000,0.055000,-0.208000,0.965000,4.900000,11.340000,2.730000,-6.883000,-0.925000,96.871002,-13.814000,-17.608999,106.000000,81.000000
1569,41543.000,20.007000,0.105000,-0.168000,1.035000,26.250000,-7.910000,2.660000,-6.497000,-1.257000,96.958000,-13.257000,-18.011000,106.000000,80.000000
1570,41563.000,20.003000,0.076000,-0.056000,1.007000,13.790000,-9.310000,-0.630000,-5.999000,-1.402000,96.950996,-12.136000,-18.885000,106.000000,80.000000
1571,41582.000,20.011000,0.053000,-0.079000,1.004000,-6.650000,11.200000,0.490000,-5.946000,-1.046000,96.913002,-11.826000,-18.444000,105.000000,80.000000
1572,41602.000,20.002001,0.141000,-0.180000,0.986000,2.450000,3.920000,-0.140000,-6.047000,-1.138000,96.913002,-12.119000,-18.360001,106.000000,80.000000
1573,41622.000,20.011999,-0.066000,-0.104000,0.985000,16.379999,-8.190000,-0.770000,-5.675000,-1.079000,96.916000,-11.513000,-16.737000,105.000000,81.000000
1574,41642.000,20.004999,0.031000,-0.136000,0.981000,3.570000,-1.050000,-0.910000,-5.633000,-0.876000,96.903999,-11.301000,-16.027000,105.000000,81.000000
1575,41662.000,20.007999,0.061000,-0.098000,1.042000,11.410000,5.390000,0.490000,-5.223000,-0.630000,96.885002,-10.561000,-14.951000,105.000000,82.000000
1576,41682.000,20.013000,0.103000,-0.196000,1.071000,23.590000,-17.780001,0.000000,-4.977000,-1.034000,96.945999,-10.191000,-15.458000,105.000000,82.000000
1577,41701.000,20.011999,0.040000,-0.064000,1.025000,19.389999,-4.480000,-4.060000,-4.413000,-0.981000,96.860001,-9.020000,-16.420000,104.000000,81.000000
1578,41721.000,20.003000,0.109000,-0.044000,0.966000,3.710000,10.570000,1.750000,-4.127000,-0.852000,96.853996,-8.291000,-17.024000,104.000000,81.000000
1579,41741.000,20.003000,0.030000,-0.115000,1.027000,-0.980000,-6.580000,3.430000,-4.187000,-0.750000,96.939003,-8.363000,-14.591000,104.000000,82.000000
1580,41761.000,20.003000,0.107000,-0.183000,1.091000,8.750000,-4.130000,0.210000,-4.236000,-0.881000,96.970001,-8.559000,-15.751000,104.000000,82.000000
1581,41781.000,20.004999,0.094000,-0.180000,1.058000,-16.379999,2.730000,-6.930000,-4.779000,-0.848000,96.846001,-9.395000,-16.209000,104.000000,81.000000
1582,41801.000,20.011999,0.051000,-0.135000,1.010000,12.950000,6.440000,5.600000,-4.632000,-0.503000,96.952003,-9.394000,-14.164000,104.000000,82.000000
1583,41820.000,20.011000,-0.002000,-0.057000,0.917000,25.129999,-18.129999,-2.940000,-4.008000,-0.676000,96.924004,-8.268000,-12.919000,104.000000,83.000000
1584,41840.000,20.009001,0.056000,0.005000,1.011000,-6.650000,-1.960000,0.000000,-3.920000,-0.660000,96.908997,-7.773000,-14.426000,103.000000,82.000000
1585,41860.000,20.004999,0.183000,-0.174000,1.258000,-20.020000,-2.660000,-2.730000,-4.434000,-0.913000,96.871002,-8.669000,-16.127001,104.000000,81.000000
1586,41880.000,20.014000,0.038000,-0.149000,0.991000,14.770000,-7.700000,1.890000,-4.291000,-0.887000,96.938004,-8.730000,-15.437000,104.000000,82.000000
1587,41900.000,20.016001,0.158000,-0.005000,0.905000,14.910000,0.980000,4.620000,-3.828000,-1.009000,97.013000,-7.805000,-17.158001,103.000000,81.000000
1588,41920.000,20.011000,0.240000,-0.352000,1.007000,-4.900000,4.690000,-2.450000,-4.117000,-1.036000,96.972000,-8.185000,-17.718000,104.000000,81.000000
1589,41939.000,20.003000,0.007000,-0.148000,1.032000,10.360000,-7.210000,-5.880000,-4.001000,-0.985000,96.878998,-8.105000,-16.172001,104.000000,81.000000
1590,41959.000,20.033001,0.032000,0.095000,0.980000,22.889999,-6.510000,-2.170000,-3.320000,-1.059000,96.829002,-6.868000,-16.761999,103.000000,81.000000
1591,41979.000,20.000999,0.038000,-0.118000,1.157000,-27.510000,4.900000,1.120000,-3.920000,-0.736000,96.845001,-7.565000,-15.641000,103.000000,82.000000
1592,41999.000,20.006001,0.020000,-0.138000,0.927000,-19.809999,4.550000,-0.140000,-4.456000,-0.465000,96.844002,-8.714000,-13.709000,104.000000,83.000000
1593,42019.000,20.004999,-0.047000,-0.143000,1.119000,-5.950000,-1.680000,-7.070000,-4.599000,-0.288000,96.709000,-9.139000,-11.845000,104.000000,84.000000
1594,42039.000,20.003000,0.010000,-0.198000,1.176000,-11.270000,-3.500000,3.640000,-4.978000,-0.173000,96.800003,-9.842000,-10.858000,104.000000,84.000000
1595,42059.000,20.004999,-0.021000,-0.140000,1.068000,4.760000,1.120000,-1.890000,-4.910000,0.072000,96.762001,-9.867000,-9.608000,104.000000,85.000000
1596,42078.000,20.006001,-0.047000,-0.081000,0.999000,-15.050000,-9.450000,8.680000,-5.155000,0.123000,96.952003,-10.160000,-8.190000,105.000000,85.000000
1597,42098.000,20.014999,0.073000,-0.048000,1.042000,-14.070000,-4.830000,-4.690000,-5.203000,0.010000,96.855003,-10.265000,-9.427000,105.000000,85.000000
1598,42118.000,20.007999,0.079000,-0.070000,0.828000,-21.910000,11.550000,2.730000,-5.450000,0.123000,96.866997,-10.681000,-10.276000,105.000000,84.000000
1599,42138.000,20.011999,0.039000,-0.213000,0.953000,5.320000,-3.500000,-17.570000,-5.539000,0.075000,96.542000,-11.131000,-9.093000,105.000000,85.000000
1600,42158.000,20.002001,0.171000,-0.078000,0.896000,4.760000,-12.600000,1.400000,-5.374000,-0.388000,96.596001,-10.796000,-11.418000,105.000000,84.000000
1601,42178.000,20.004000,0.146000,-0.165000,1.041000,-17.780001,3.360000,-0.210000,-5.835000,-0.523000,96.592003,-11.493000,-13.997000,105.000000,83.000000
1602,42197.000,20.002001,0.106000,-0.165000,1.000000,-13.230000,4.410000,1.610000,-6.279000,-0.573000,96.626999,-12.426000,-14.450000,106.000000,82.000000
1603,42217.000,20.009001,0.011000,-0.111000,1.026000,-1.470000,-17.010000,1.610000,-6.217000,-0.700000,96.698997,-12.419000,-13.198000,106.000000,83.000000
1604,42237.000,20.017000,0.183000,0.145000,0.879000,1.890000,1.260000,-0.210000,-5.968000,-0.764000,96.672997,-11.954000,-15.475000,105.000000,82.000000
1605,42257.000,20.014000,0.052000,-0.250000,1.156000,-17.920000,3.290000,6.650000,-6.539000,-0.575000,96.813004,-12.900000,-14.357000,106.000000,82.000000
1606,42277.000,20.010000,0.329000,-0.145000,1.053000,12.880000,-18.900000,-3.010000,-6.273000,-1.186000,96.806000,-12.675000,-16.415001,106.000000,81.000000
1607,42296.000,20.004000,0.008000,-0.189000,1.008000,-2.310000,-7.770000,-2.450000,-6.425000,-1.145000,96.789001,-12.827000,-17.238001,106.000000,81.000000
1608,42316.000,20.004999,0.246000,-0.149000,0.937000,7.280000,4.550000,3.570000,-6.304000,-1.272000,96.848000,-12.682000,-19.358000,106.000000,80.000000
1609,42336.000,20.011000,0.244000,-0.054000,0.591000,15.680000,-10.850000,0.140000,-5.958000,-1.712000,96.876999,-12.073000,-20.900999,106.000000,79.000000
1610,42356.000,20.007999,0.084000,-0.172000,0.899000,16.100000,-7.980000,-0.630000,-5.863000,-1.836000,96.908997,-11.887000,-22.051001,105.000000,78.000000
1611,42376.000,20.013000,0.061000,-0.099000,0.992000,-2.870000,12.810000,-0.420000,-5.773000,-1.407000,96.851997,-11.518000,-21.129000,105.000000,79.000000
1612,42396.000,20.013000,0.100000,-0.193000,0.949000,1.750000,4.130000,1.610000,-5.966000,-1.348000,96.893997,-11.950000,-19.847000,105.000000,80.000000
1613,42415.000,20.006001,0.019000,-0.223000,0.981000,18.340000,-13.090000,2.450000,-5.783000,-1.452000,96.995003,-11.748000,-18.854000,105.000000,80.000000
1614,42435.000,20.007000,0.119000,-0.114000,0.997000,4.830000,-6.090000,-4.130000,-5.533000,-1.760000,96.914001,-11.113000,-21.709999,105.000000,79.000000
1615,42455.000,20.003000,0.005000,-0.131000,1.036000,9.520000,4.480000,1.330000,-5.339000,-1.440000,96.929001,-10.772000,-20.525999,105.000000,79.000000
1616,42475.000,20.004000,0.075000,-0.183000,1.022000,16.590000,-9.730000,0.980000,-5.221000,-1.538000,96.992996,-10.608000,-19.795000,105.000000,80.000000
1617,42495.000,20.014000,0.006000,-0.132000,0.999000,1.750000,-5.390000,-0.210000,-5.210000,-1.419000,97.003998,-10.438000,-19.391001,105.000000,80.000000
1618,42515.000,20.004999,0.121000,-0.152000,0.942000,8.260000,16.309999,-5.460000,-5.207000,-1.251000,96.872002,-10.498000,-20.388000,105.000000,79.000000
1619,42535.000,20.002001,0.074000,-0.120000,0.961000,12.110000,-17.290001,5.950000,-5.011000,-1.354000,97.036003,-10.144000,-17.746000,105.000000,81.000000
1620,42554.000,20.003000,0.067000,-0.040000,1.085000,4.900000,-9.590000,2.800000,-4.708000,-1.455000,97.094002,-9.466000,-19.229000,104.000000,80.000000
1621,42574.000,20.004000,0.031000,-0.135000,1.046000,-17.709999,0.770000,-7.420000,-5.097000,-1.234000,96.947998,-10.017000,-18.714001,105.000000,80.000000
1622,42594.000,20.003000,0.087000,0.304000,1.060000,30.030001,3.500000,-1.680000,-4.264000,-1.164000,96.886002,-8.828000,-18.499001,104.000000,80.000000
1623,42614.000,20.009001,-0.029000,-0.140000,1.021000,10.290000,-19.670000,-1.190000,-4.116000,-1.336000,96.908997,-8.336000,-17.386999,104.000000,81.000000
1624,42634.000,20.011000,0.147000,-0.059000,1.057000,-14.630000,-1.050000,-1.750000,-4.239000,-1.519000,96.861000,-8.333000,-20.528999,104.000000,79.000000
1625,42653.000,20.000999,0.109000,0.024000,1.083000,12.670000,1.890000,4.200000,-3.765000,-1.480000,96.918999,-7.656000,-20.547001,103.000000,79.000000
1626,42673.000,20.003000,-0.039000,-0.359000,0.830000,11.410000,-16.590000,-0.280000,-3.750000,-1.719000,96.966003,-7.614000,-20.371000,103.000000,79.000000
1627,42693.000,20.004000,0.120000,0.031000,1.071000,7.280000,-9.870000,-1.890000,-3.374000,-1.941000,96.922997,-6.820000,-22.599001,103.000000,78.000000
1628,42713.000,20.007000,0.097000,-0.135000,0.983000,8.050000,8.750000,-0.350000,-3.438000,-1.734000,96.924004,-6.956000,-23.011000,103.000000,78.000000
1629,42733.000,20.007999,0.268000,-0.047000,0.991000,-4.970000,-4.760000,6.300000,-3.494000,-2.038000,97.053001,-6.938000,-23.792000,103.000000,78.000000
1630,42753.000,20.002001,0.038000,-0.141000,0.964000,7.070000,-3.150000,-5.390000,-3.484000,-1.931000,96.966003,-7.039000,-23.202000,103.000000,78.000000
1631,42772.000,20.016001,0.035000,-0.111000,0.974000,-9.030000,10.710000,-0.490000,-3.729000,-1.500000,96.943001,-7.368000,-21.570999,103.000000,79.000000
1632,42792.000,20.000999,0.133000,-0.158000,1.011000,-1.960000,2.030000,5.880000,-3.978000,-1.559000,97.075996,-7.936000,-21.118999,103.000000,79.000000
1633,42812.000,20.004000,-0.025000,-0.211000,0.953000,-6.580000,-14.210000,1.260000,-4.274000,-1.674000,97.144997,-8.482000,-20.295000,104.000000,79.000000
1634,42832.000,20.007000,-0.004000,-0.081000,0.980000,-18.830000,-7.140000,-4.620000,-4.593000,-1.604000,97.063004,-8.997000,-20.511999,104.000000,79.000000
1635,42852.000,20.006001,-0.030000,-0.151000,1.050000,-3.990000,-0.210000,-1.680000,-4.725000,-1.390000,97.035004,-9.410000,-19.708000,104.000000,80.000000
1636,42872.000,20.006001,0.268000,-0.077000,1.009000,11.830000,-13.930000,6.440000,-4.454000,-1.875000,97.190002,-9.026000,-21.735001,104.000000,79.000000
1637,42892.000,20.004000,0.085000,-0.297000,0.949000,-17.150000,-10.080000,-18.900000,-4.988000,-2.100000,96.858002,-9.805000,-23.688999,104.000000,78.000000
1638,42911.000,20.007000,0.008000,-0.008000,0.958000,-20.930000,11.620000,-6.300000,-5.221000,-1.734000,96.685997,-10.232000,-23.299000,105.000000,78.000000
1639,42931.000,20.004000,-0.023000,-0.155000,0.936000,12.180000,0.840000,2.800000,-5.055000,-1.493000,96.748001,-10.233000,-20.538000,105.000000,79.000000
1640,42951.000,20.017000,0.331000,-0.088000,0.985000,0.000000,-8.330000,3.430000,-5.035000,-1.877000,96.833000,-10.070000,-22.308001,105.000000,78.000000
1641,42971.000,20.014999,0.098000,-0.118000,1.043000,-23.799999,3.920000,-4.830000,-5.370000,-1.626000,96.712997,-10.501000,-21.771999,105.000000,79.000000
